コンセプト（学習する文字）,ユニット,コンセプト属性：難易度,部首,コンセプト属性：画数,コンセプト属性：音読み,コンセプト属性：訓読み,コンセプト属性：,学年(漢検),漢検,学年
厳,漢字,N1,ツ,17,ゲン・ゴン,きび（しい）・おごそ（か）,,小学6年(5級),5級,小学6年
単,漢字,N3,ツ,9,タン,-,,小学4年(７級),7級,小学4年
巣,漢字,N1,ツ,11,ソウ,す,,小学4年(７級),7級,小学4年
装,漢字,N2,衣,12,ソウ・ショウ,よそお（い）,,小学6年(5級),5級,小学6年
裏,漢字,N2,衣,13,リ,うら,,小学6年(5級),5級,小学6年
補,漢字,N2,衣,12,ホ,おぎな（う）,,小学6年(5級),5級,小学6年
裁,漢字,N1,衣,12,サイ,さば（く）・た（つ）,,小学6年(5級),5級,小学6年
複,漢字,N2,衣,14,フク,-,,小学5年(６級),6級,小学5年
製,漢字,N1,衣,14,セイ,-,,小学5年(６級),6級,小学5年
衣,漢字,N2,衣,6,イ,ころも,,小学4年(７級),7級,小学4年
表,漢字,N3,衣,8,ヒョウ,おもて・あらわ（れる）,,小学3年(８級),8級,小学3年
袋,漢字,N2,衣,11,タイ,ふくろ,,,,
被,漢字,N2,衣,10,ヒ,こうむ(る),,,,
衰,漢字,N1,衣,10,スイ,おとろ(える),,,,
衷,漢字,N1,衣,10,チュウ,-,,,,
裂,漢字,N1,衣,12,レツ,さ(く)・さ(ける),,,,
裕,漢字,N1,衣,12,ユウ,-,,,,
裸,漢字,N1,衣,13,ラ,はだか,,,,
褐,漢字,N1,衣,13,カツ,-,,,,
褒,漢字,N1,衣,15,ホウ,ほ(める),,,,
襟,漢字,N1,衣,18,キン,えり,,,,
襲,漢字,N1,衣,22,シュウ,おそ(う),,,,
並,漢字,N2,一,8,ヘイ,なみ・なら（べる）,,小学6年(5級),5級,小学6年
不,漢字,N4 ,一,4,フ・ブ,-,,小学4年(７級),7級,小学4年
世,漢字,N4 ,一,5,セイ・セ,よ,,小学3年(８級),8級,小学3年
両,漢字,N3,一,6,リョウ,-,,小学3年(８級),8級,小学3年
丁,漢字,N1,一,2,チョウ,-,,小学3年(８級),8級,小学3年
万,漢字,N5 ,一,3,バン・マン,よろず,numbers,小学2年(９級),9級,小学2年
一,漢字,N5,一,1,イチ・イツ,ひと（つ）,numbers,小学1年 (１０級),10級,小学1年
三,漢字,N5 ,一,3,サン,みっ（つ）,numbers,小学1年 (１０級),10級,小学1年
七,漢字,N5 ,一,2,シチ,なな（つ）・なな,numbers,小学1年 (１０級),10級,小学1年
上,漢字,N5 ,一,3,ジョウ・ショウ,うえ・うわ・かみ・あ（げる）・のぼ（る）,position & direction,小学1年 (１０級),10級,小学1年
下,漢字,N5 ,一,3,カ・ゲ,した・くだ（る）・くだ（さる）・さ（がる）・しも・もと・お（りる）,position & direction,小学1年 (１０級),10級,小学1年
与,漢字,N3,一,3,ヨ,あた(える),verb,,,
且,漢字,N1,一,5,ショウ,かつ,,,,
丘,漢字,N1,一,5,キュウ,おか,,,,
丙,漢字,N1,一,5,ヘイ,-,,,,
翌,漢字,N2,羽,11,ヨク,-,,小学6年(5級),5級,小学6年
習,漢字,N4 ,羽,11,シュウ,なら（う）,verb,小学3年(８級),8級,小学3年
羽,漢字,N2,羽,6,ウ,は・はね,,小学2年(９級),9級,小学2年
翁,漢字,N1,羽,10,オウ,おきな,,,,
翻,漢字,N1,羽,18,ホン,ひるが(える)・ひるが(えす) ,,,,
翼,漢字,N1,羽,17,ヨク,つばさ,,,,
雪,漢字,N4 ,雨,11,セツ,ゆき,nature & weather,小学2年(９級),9級,小学2年
電,漢字,N5 ,雨,13,デン,-,transportation,小学2年(９級),9級,小学2年
雲,漢字,N3,雨,12,ウン,くも,,小学2年(９級),9級,小学2年
雨,漢字,N5 ,雨,8,ウ,あめ・あま,nature & weather,小学1年 (１０級),10級,小学1年
零,漢字,N2,雨,13,レイ,ぜろ・こぼ（れる）,,,,
震,漢字,N2,雨,15,シン,ふる(える),,,,
雰,漢字,N1,雨,12,フン,-,,,,
雷,漢字,N1,雨,13,ライ,かみなり,,,,
需,漢字,N1,雨,14,ジュ,-,,,,
霜,漢字,N1,雨,17,ソウ,しも,,,,
霧,漢字,N1,雨,19,ム,きり,,,,
露,漢字,N1,雨,21,ロ、ロウ,つゆ,,,,
興,漢字,N1,臼,16,コウ・キョウ,おこ（す）,,小学5年(６級),6級,小学5年
黄,漢字,N4 ,黄,11,コウ・オウ,き,adjective (color),小学2年(９級),9級,小学2年
乱,漢字,N2,乙,7,ラン,みだ（れる）,,小学6年(5級),5級,小学6年
乳,漢字,N2,乙,8,ニュウ,ちち,,小学6年(5級),5級,小学6年
九,漢字,N5 ,乙,2,キュウ・ク,ここの（つ）,numbers,小学1年 (１０級),10級,小学1年
乾,漢字,N2,乙,11,カン,かわ(く)・かわ(かす),,,,
乙,漢字,N1,乙,1,オツ・イツ,-,,,,
音,漢字,N4 ,音,9,オン・イン,おと,,小学1年 (１０級),10級,小学1年
韻,漢字,N1,音,19,イン,-,,,,
響,漢字,N1,音,20,キョウ,ひび(く),,,,
灰,漢字,N2,火,6,カイ,はい,,小学6年(5級),5級,小学6年
熟,漢字,N1,火,15,ジュク,う（れる）,,小学6年(5級),5級,小学6年
営,漢字,N2,火,12,エイ,いとな（む）,,小学5年(６級),6級,小学5年
燃,漢字,N2,火,16,ネン,も（える）,,小学5年(６級),6級,小学5年
災,漢字,N1,火,7,サイ,わざわい,,小学5年(６級),6級,小学5年
然,漢字,N3,火,12,ゼン・ネン,-,,小学4年(７級),7級,小学4年
熱,漢字,N3,火,15,ネツ,あつ（い）,,小学4年(７級),7級,小学4年
灯,漢字,N2,火,6,トウ,あか（り）,,小学4年(７級),7級,小学4年
無,漢字,N2,火,12,ム・ブ,な（し）・な（い）,,小学4年(７級),7級,小学4年
照,漢字,N2,火,13,ショウ,て（らす）・て（る）,,小学4年(７級),7級,小学4年
焼,漢字,N2,火,12,ショウ,や（く）・や（ける）,,小学4年(７級),7級,小学4年
熊,漢字,,火,14,-,くま,,小学4年(７級),7級,小学4年
炭,漢字,N2,火,9,タン,すみ,,小学3年(８級),8級,小学3年
点,漢字,N3,火,9,テン,つ(ける)・とも(す),,小学2年(９級),9級,小学2年
火,漢字,N5 ,火,4,カ,ひ・ほ,days & times,小学1年 (１０級),10級,小学1年
煙,漢字,N3,火,13,エン,けむり,,,,
燥,漢字,N2,火,16,ソウ,-,,,,
爆,漢字,N2,火,19,バク,-,,,,
炉,漢字,N1,火,8,ロ,いろり,,,,
炊,漢字,N1,火,8,スイ,た・く,,,,
炎,漢字,N1,火,8,エン,ほのお,,,,
烈,漢字,N1,火,10,レツ,はげ(しい),,,,
焦,漢字,N1,火,12,ショウ,こ(げる)・こ(がす)・こ(がれる)・あせ(る),,,,
煩,漢字,N1,火,13,ハン・ボン,わずら(う)・わずら(わす)　,,,,
煮,漢字,N1,火,12,シャ,に(る)・に(える),,,,
為,漢字,N1,火,9,イ,ため・な(る)・な(す),,,,
私,漢字,N5 ,禾,7,シ,わたし・わたくし,people & school,小学6年(5級),5級,小学6年
穀,漢字,N1,禾,14,コク,-,,小学6年(5級),5級,小学6年
程,漢字,N3,禾,12,テイ,ほど,,小学5年(６級),6級,小学5年
移,漢字,N2,禾,11,イ,うつ（す）・うつ（る）,,小学5年(６級),6級,小学5年
税,漢字,N2,禾,12,ゼイ,-,,小学5年(６級),6級,小学5年
種,漢字,N3,禾,14,シュ,たね,,小学4年(７級),7級,小学4年
積,漢字,N3,禾,16,セキ,つ（もる）・つ（む）,,小学4年(７級),7級,小学4年
秒,漢字,N2,禾,9,ビョウ,-,,小学3年(８級),8級,小学3年
秋,漢字,N4 ,禾,9,シュウ,あき,seasons,小学2年(９級),9級,小学2年
科,漢字,N3,禾,9,カ,-,,小学2年(９級),9級,小学2年
秀,漢字,N1,禾,7,シュウ,ひで,,,,
租,漢字,N1,禾,10,ソ,-,,,,
秩,漢字,N1,禾,10,チツ,-,,,,
称,漢字,N1,禾,10,ショウ,たた(える),,,,
稚,漢字,N1,禾,13,チ,いとけな(い),,,,
稲,漢字,N1,禾,14,トウ,いね・いな,,,,
稼,漢字,N1,禾,15,カ,かせ(ぐ),,,,
稿,漢字,N1,禾,15,コウ,-,,,,
穂,漢字,N1,禾,15,スイ,ほ,,,,
穏,漢字,N1,禾,16,オン,おだ(やか),,,,
穫,漢字,N1,禾,18,カク,か(る)　,,,,
貴,漢字,N1,貝,12,キ,とうと（い）・たっと（い）,,小学6年(5級),5級,小学6年
賃,漢字,N1,貝,13,チン,-,,小学6年(5級),5級,小学6年
貸,漢字,N4 ,貝,12,タイ,か（す）,verb,小学5年(６級),6級,小学5年
質,漢字,N4 ,貝,15,シツ・シチ,-,,小学5年(６級),6級,小学5年
財,漢字,N3,貝,10,ザイ・サイ,-,,小学5年(６級),6級,小学5年
貧,漢字,N3,貝,11,ヒン・ビン,まず（しい）,,小学5年(６級),6級,小学5年
責,漢字,N3,貝,11,セキ,せ（める）,,小学5年(６級),6級,小学5年
費,漢字,N3,貝,12,ヒ,つい（やす）,,小学5年(６級),6級,小学5年
資,漢字,N3,貝,13,シ,-,,小学5年(６級),6級,小学5年
賛,漢字,N3,貝,15,サン,-,,小学5年(６級),6級,小学5年
貯,漢字,N2,貝,12,チョ,た（める）,,小学5年(６級),6級,小学5年
貿,漢字,N2,貝,12,ボウ,-,,小学5年(６級),6級,小学5年
賞,漢字,N2,貝,15,ショウ,-,,小学5年(６級),6級,小学5年
賀,漢字,N1,貝,12,ガ,-,,小学4年(７級),7級,小学4年
貨,漢字,N2,貝,11,カ,-,,小学4年(7級),7級,小学4年
負,漢字,N3,貝,9,フ,ま（ける）,,小学3年(８級),8級,小学3年
買,漢字,N5 ,貝,12,バイ,か（う）,verb,小学2年(９級),9級,小学2年
売,漢字,N4 ,貝,7,バイ,う（る）・う（れる）,verb,小学2年(９級),9級,小学2年
貝,漢字,N2,貝,7,バイ,かい,,小学1年 (１０級),10級,小学1年
販,漢字,N2,貝,11,ハン,-,,,,
賢,漢字,N2,貝,16,ケン,かしこ(い),,,,
贈,漢字,N2,貝,18,ゾウ・ソウ,おく(る),,,,
貞,漢字,N1,貝,9,テイ,-,,,,
貢,漢字,N1,貝,10,コウ、ク,みつ(ぐ),,,,
貫,漢字,N1,貝,11,カン,つらぬ(く),,,,
賄,漢字,N1,貝,13,ワイ,まかな(う),,,,
賊,漢字,N1,貝,13,ゾク,-,,,,
賓,漢字,N1,貝,15,ヒン,-,,,,
賜,漢字,N1,貝,15,シ,たまわ(る),,,,
賠,漢字,N1,貝,15,バイ,-,,,,
賦,漢字,N1,貝,15,フ,-,,,,
購,漢字,N1,貝,17,コウ,-,,,,
解,漢字,N3,角,13,カイ・ゲ,と（く）,,小学5年(６級),6級,小学5年
角,漢字,N3,角,7,カク,かど・つの,,小学2年(９級),9級,小学2年
触,漢字,N2,角,13,ショク,ふ(れる),,,,
革,漢字,N2,革,8,カク,かわ・あらた（まる）,,小学6年(5級),5級,小学6年
靴,漢字,N3,革,13,カ,くつ,,,,
瓶,漢字,N2,瓦,11,ビン,-,,,,
干,漢字,N2,干,3,カン,ほ（す）・ひ（る）,,小学6年(5級),5級,小学6年
幹,漢字,N1,干,13,カン,みき,,小学5年(６級),6級,小学5年
平,漢字,N3,干,5,ヘイ・ビョウ,たいら,,小学3年(８級),8級,小学3年
幸,漢字,N3,干,8,コウ,しあわ（せ）・さいわ（い）,,小学3年(８級),8級,小学3年
年,漢字,N5 ,干,6,ネン,とし,days & times,小学1年 (１０級),10級,小学1年
甘,漢字,N2,甘,5,カン,あま(い)・あま(やかす),,,,
甚,漢字,N1,甘,9,ジン,はなは(だ),,,,
缶,漢字,N2,缶,6,カン,-,,,,
鬼,漢字,N1,鬼,10,キ,おに,,,,
魂,漢字,N1,鬼,14,コン,たましい・たま,,,,
魅,漢字,N1,鬼,15,ミ,-,,,,
魔,漢字,N1,鬼,21,マ,-,,,,
張,漢字,N1,弓,11,チョウ,は（る）,,小学5年(６級),6級,小学5年
強,漢字,N4 ,弓,11,キョウ・ゴウ,つよ（い）・し（いる）,adjective (),小学2年(９級),9級,小学2年
弱,漢字,N4 ,弓,10,ジャク,よわ（い）,adjective (),小学2年(９級),9級,小学2年
弟,漢字,N4 ,弓,7,ダイ,おとうと,people,小学2年(９級),9級,小学2年
引,漢字,N4 ,弓,4,イン,ひ（く）,verb,小学2年(９級),9級,小学2年
弓,漢字,N1,弓,3,キュウ,ゆみ,,小学2年(９級),9級,小学2年
弔,漢字,N1,弓,4,チョウ,とむら(う),,,,
弦,漢字,N1,弓,8,ゲン,つる,,,,
弧,漢字,N1,弓,9,コ,-,,,,
弾,漢字,N1,弓,12,ダン,ひ(く)・たま,,,,
特,漢字,N4 ,牛,10,トク,-,adjective (),小学4年(７級),7級,小学4年
牧,漢字,N1,牛,8,ボク,まき,,小学4年(７級),7級,小学4年
物,漢字,N4 ,牛,8,ブツ,もの,"Concepts, Society, Study & Abstract",小学3年(８級),8級,小学3年
牛,漢字,N5 ,牛,4,ギュウ,うし,animal,小学2年(９級),9級,小学2年
牲,漢字,N1,牛,9,セイ,-,,,,
犠,漢字,N1,牛,20,ギ,-,,,,
魚,漢字,N4 ,魚,11,ギョ,さかな,,小学2年(９級),9級,小学2年
鮮,漢字,N1,魚,17,セン,あざ(やか),,,,
鯨,漢字,N1,魚,19,ゲイ,くじら,,,,
班,漢字,N1,玉,10,ハン,-,,小学6年(5級),5級,小学6年
現,漢字,N3,玉,11,ゲン,あらわ（れる）,,小学5年(６級),6級,小学5年
球,漢字,N3,玉,11,キュウ,たま,,小学3年(８級),8級,小学3年
理,漢字,N4 ,玉,11,リ,ことわり,,小学2年(９級),9級,小学2年
王,漢字,N4 ,玉,4,オウ,-,,小学1年 (１０級),10級,小学1年
玉,漢字,N2,玉,5,ギョク,たま,,小学1年 (１０級),10級,小学1年
珍,漢字,N2,玉,10,チン,めずら(しい),,,,
珠,漢字,N1,玉,10,シュ,たま,,,,
琴,漢字,N1,玉,12,キン,こと,,,,
環,漢字,N1,玉,17,カン,わ,,,,
幕,漢字,N1,巾,13,マク・バク,-,,小学6年(5級),5級,小学6年
師,漢字,N3,巾,10,シ,-,,小学5年(６級),6級,小学5年
常,漢字,N3,巾,11,ジョウ,つね・とこ,,小学5年(６級),6級,小学5年
布,漢字,N2,巾,5,フ,ぬの,,小学5年(６級),6級,小学5年
席,漢字,N3,巾,10,セキ,-,,小学4年(７級),7級,小学4年
希,漢字,N2,巾,7,キ,-,,小学4年(７級),7級,小学4年
帯,漢字,N2,巾,10,タイ,おび,,小学4年(７級),7級,小学4年
帳,漢字,N1,巾,11,チョウ,-,,小学3年(８級),8級,小学3年
市,漢字,N4 ,巾,5,シ,いち,place,小学2年(９級),9級,小学2年
帰,漢字,N4 ,巾,10,キ,かえ（る）,verb,小学2年(９級),9級,小学2年
帽,漢字,N2,巾,12,ボウ,-,,,,
幅,漢字,N2,巾,12,フク,はば,,,,
帆,漢字,N1,巾,6,ハン,ほ,,,,
帝,漢字,N1,巾,9,テイ,みかど,,,,
帥,漢字,N1,巾,9,スイ,-,,,,
幣,漢字,N1,巾,15,ヘイ,ぜに・ぬさ,,,,
断,漢字,N3,斤,11,ダン,ことわ（る）,,小学5年(６級),6級,小学5年
新,漢字,N5 ,斤,13,シン,あたら（しい）・あら（た）,adjective (age),小学2年(９級),9級,小学2年
斤,漢字,N1,斤,4,キン,-,,,,
斥,漢字,N1,斤,5,セキ,しりぞ(ける),,,,
針,漢字,N2,金,10,シン,はり,,小学6年(5級),5級,小学6年
銭,漢字,N1,金,14,セン,ぜに,,小学6年(5級),5級,小学6年
鋼,漢字,N1,金,16,コウ,はがね,,小学6年(5級),5級,小学6年
鉱,漢字,N2,金,13,コウ,-,,小学5年(６級),6級,小学5年
銅,漢字,N2,金,14,ドウ,-,,小学5年(６級),6級,小学5年
録,漢字,N2,金,16,ロク,-,,小学4年(７級),7級,小学4年
鏡,漢字,N1,金,19,キョウ,かがみ,,小学4年(７級),7級,小学4年
銀,漢字,N4 ,金,14,ギン,-,,小学3年(８級),8級,小学3年
鉄,漢字,N2,金,13,テツ,-,,小学3年(８級),8級,小学3年
金,漢字,N5 ,金,8,キン・コン,かね・かな,days & times,小学1年 (１０級),10級,小学1年
鈍,漢字,N2,金,12,ドン,にぶ(い)・にぶ(る),,,,
鋭,漢字,N2,金,15,エイ,するど(い),,,,
釣,漢字,N1,金,11,チョウ,つ(る)・つ(り),,,,
鈴,漢字,N1,金,13,レイ、リン,すず,,,,
鉛,漢字,N1,金,13,エン,なまり,,,,
鉢,漢字,N1,金,13,ハチ、ハツ,-,,,,
銃,漢字,N1,金,14,ジュウ,-,,,,
銑,漢字,N1,金,14,セン,-,,,,
銘,漢字,N1,金,14,メイ,-,,,,
鋳,漢字,N1,金,15,チュウ,い(る) ,,,,
錘,漢字,N1,金,16,スイ,つむ・おもり,,,,
錠,漢字,N1,金,16,ジョウ,-,,,,
錬,漢字,N1,金,16,レン,ね(り) ・ね(る),,,,
錯,漢字,N1,金,16,サク,-,,,,
鍛,漢字,N1,金,17,タン,きた(える),,,,
鎖,漢字,N1,金,18,サ,くさり,,,,
鎮,漢字,N1,金,18,チン,しず(める) ・しず(まる),,,,
鐘,漢字,N1,金,20,ショウ,かね,,,,
鑑,漢字,N1,金,23,カン,かんが(みる) ,,,,
欲,漢字,N3,欠,11,ヨク,ほ（しい）,,小学6年(5級),5級,小学6年
欠,漢字,N3,欠,4,ケツ,か（ける）・か（く）,,小学4年(７級),7級,小学4年
次,漢字,N3,欠,6,ジ・シ,つぎ・つ（ぐ）,,小学3年(８級),8級,小学3年
歌,漢字,N4 ,欠,14,カ,うた・うた（う）,verb,小学2年(９級),9級,小学2年
欧,漢字,N2,欠,8,オウ,-,,,,
欺,漢字,N1,欠,12,ギ,あざむ(く),,,,
款,漢字,N1,欠,12,カン,-,,,,
歓,漢字,N1,欠,15,カン,よろこ(ぶ),,,,
窓,漢字,N3,穴,11,ソウ,まど,,小学6年(5級),5級,小学6年
穴,漢字,N1,穴,5,ケツ,あな,,小学6年(5級),5級,小学6年
究,漢字,N4 ,穴,7,キュウ,きわ（める）,,小学3年(８級),8級,小学3年
空,漢字,N5 ,穴,8,クウ,そら・あ（ける）・から,nature & weather,小学1年 (１０級),10級,小学1年
突,漢字,N3,穴,8,トツ,つ(く),,,,
窃,漢字,N1,穴,9,セツ,ぬす(む),,,,
窒,漢字,N1,穴,11,チツ,-,,,,
窮,漢字,N1,穴,15,キュウ,きわ(める)、きわ(まる),,,,
窯,漢字,N1,穴,15,ヨウ,かま,,,,
衆,漢字,N1,血,12,シュウ・シュ,-,,小学6年(5級),5級,小学6年
血,漢字,N2,血,6,ケツ,ち,,小学3年(８級),8級,小学3年
朗,漢字,N1,月,10,ロウ,-,,小学6年(5級),5級,小学6年
望,漢字,N3,月,11,ボウ,のぞ（む）,,小学4年(７級),7級,小学4年
服,漢字,N4 ,月,8,-,ふく,Goods,小学3年(８級),8級,小学3年
有,漢字,N4 ,月,6,ユウ,あ（る）,,小学3年(８級),8級,小学3年
期,漢字,N3,月,12,キ・ゴ,-,,小学3年(８級),8級,小学3年
朝,漢字,N4 ,月,12,チョウ,あさ,days & times,小学2年(９級),9級,小学2年
月,漢字,N5 ,月,4,ゲツ・ガツ,つき,days & times,小学1年 (１０級),10級,小学1年
朕,漢字,N1,月,10,チン,-,,,,
犯,漢字,N3,犬,5,ハン,おか（す）,,小学5年(６級),6級,小学5年
状,漢字,N3,犬,7,ジョウ,-,,小学5年(６級),6級,小学5年
独,漢字,N1,犬,9,ドク,ひと（り）,,小学5年(６級),6級,小学5年
犬,漢字,N4 ,犬,4,ケン,いぬ,animal,小学1年 (１０級),10級,小学1年
猫,漢字,N3,犬,11,ビョウ,ねこ,,,,
狂,漢字,N1,犬,7,キョウ,くる(う)・くる(おしい),,,,
狩,漢字,N1,犬,9,シュ,か(る)・かり,,,,
狭,漢字,N1,犬,9,キョウ,せま(い)・せば(める)・せば(まる),,,,
猛,漢字,N1,犬,11,モウ,-,,,,
猟,漢字,N1,犬,11,リョウ,-,,,,
献,漢字,N1,犬,13,ケン、コン,-,,,,
猶,漢字,N1,犬,12,ユウ,なお,,,,
猿,漢字,N1,犬,13,エン,さる,,,,
獄,漢字,N1,犬,14,ゴク,-,,,,
獣,漢字,N1,犬,16,ジュウ,けもの,,,,
獲,漢字,N1,犬,16,カク,え(る),,,,
視,漢字,N1,見,11,シ,み(る),,小学6年(5級),5級,小学6年
覧,漢字,N1,見,17,ラン,み(る),,小学6年(5級),5級,小学6年
規,漢字,N3,見,11,キ,-,,小学5年(６級),6級,小学5年
覚,漢字,N3,見,12,カク,おぼ（える）・さ（める）,,小学4年(７級),7級,小学4年
観,漢字,N3,見,18,カン,-,,小学4年(７級),7級,小学4年
親,漢字,N5 ,見,16,シン,おや・した（しい）,people,小学2年(９級),9級,小学2年
見,漢字,N5 ,見,7,ケン,み（る）・み（える）,people & school,小学1年 (１０級),10級,小学1年
率,漢字,N1,玄,11,ソツ・リツ,ひき（いる）,,小学5年(６級),6級,小学5年
玄,漢字,N1,玄,5,ゲン,-,,,,
訪,漢字,N3,言,11,ホウ,おとず（れる）・たず（ねる）,,小学6年(5級),5級,小学6年
認,漢字,N3,言,14,ニン,みとめ（る）,,小学6年(5級),5級,小学6年
誤,漢字,N3,言,14,ゴ,あやま（る）,,小学6年(5級),5級,小学6年
論,漢字,N3,言,15,ロン,-,,小学6年(5級),5級,小学6年
警,漢字,N3,言,19,ケイ,-,,小学6年(5級),5級,小学6年
詞,漢字,N2,言,12,シ,-,,小学6年(5級),5級,小学6年
誌,漢字,N2,言,14,シ,-,,小学6年(5級),5級,小学6年
諸,漢字,N2,言,15,ショ,もろ,,小学6年(5級),5級,小学6年
討,漢字,N1,言,10,トウ,う（つ）,,小学6年(5級),5級,小学6年
訳,漢字,N1,言,11,ヤク,わけ,,小学6年(5級),5級,小学6年
誕,漢字,N1,言,15,タン,-,,小学6年(5級),5級,小学6年
誠,漢字,N1,言,13,セイ,まこと,,小学6年(5級),5級,小学6年
識,漢字,N3,言,19,シキ,-,,小学5年(６級),6級,小学5年
許,漢字,N3,言,11,キョ,ゆる（す）,,小学5年(６級),6級,小学5年
設,漢字,N2,言,11,セツ,もう（ける）・しつら（える）,,小学5年(６級),6級,小学5年
講,漢字,N2,言,17,コウ,こう,,小学5年(６級),6級,小学5年
証,漢字,N1,言,12,ショウ,あかし,,小学5年(６級),6級,小学5年
評,漢字,N1,言,12,ヒョウ,-,,小学5年(６級),6級,小学5年
謝,漢字,N1,言,17,シャ,あやま（る）,,小学5年(６級),6級,小学5年
護,漢字,,言,20,ゴ,-,,小学5年(６級),6級,小学5年
試,漢字,N4 ,言,13,シ,こころ（みる）,verb,小学4年(７級),7級,小学4年
説,漢字,N4 ,言,14,セツ,と（く）,,小学4年(７級),7級,小学4年
議,漢字,N3,言,20,ギ,-,,小学4年(７級),7級,小学4年
訓,漢字,N2,言,10,クン,-,,小学4年(７級),7級,小学4年
課,漢字,N2,言,15,カ,-,,小学4年(７級),7級,小学4年
調,漢字,N3,言,15,チョウ,しら（べる）・ととの（う）,,小学3年(８級),8級,小学3年
談,漢字,N3,言,15,ダン,-,,小学3年(８級),8級,小学3年
詩,漢字,N1,言,13,シ,-,,小学3年(８級),8級,小学3年
読,漢字,N5 ,言,14,ドク・トウ・トク,よ（む）,people & school,小学2年(９級),9級,小学2年
話,漢字,N5 ,言,13,ワ,はな（す）・はなし,people & school,小学2年(９級),9級,小学2年
語,漢字,N5 ,言,14,ゴ,かた（る）,people & school,小学2年(９級),9級,小学2年
言,漢字,N4 ,言,7,ゲン・ゴン,い（う）・こと,verb,小学2年(９級),9級,小学2年
計,漢字,N4 ,言,9,ケイ,はか（る）,verb,小学2年(９級),9級,小学2年
記,漢字,N3,言,10,キ,しる（す）,,小学2年(９級),9級,小学2年
詰,漢字,N2,言,13,キツ,つ(める)・つ(まる),,,,
訂,漢字,N1,言,9,テイ,-,,,,
託,漢字,N1,言,10,タク,かこつ(ける),,,,
訟,漢字,N1,言,11,ショウ,-,,,,
訴,漢字,N1,言,12,ソ,うった(える),,,,
診,漢字,N1,言,12,シン,み(る),,,,
詐,漢字,N1,言,12,サ,いつわ(る),,,,
詔,漢字,N1,言,12,ショウ,みことのり,,,,
詠,漢字,N1,言,12,エイ,よ(む),,,,
該,漢字,N1,言,13,ガイ,-,,,,
詳,漢字,N1,言,13,ショウ,くわ(しい),,,,
誇,漢字,N1,言,13,コ,ほこ(る),,,,
誉,漢字,N1,言,13,ヨ,ほまれ,,,,
誓,漢字,N1,言,14,セイ,ちか(う),,,,
誘,漢字,N1,言,14,ユウ,-,,,,
請,漢字,N1,言,15,セイ・シン,う(ける),,,,
諭,漢字,N1,言,16,ユ,さと(す),,,,
諮,漢字,N1,言,16,シ,-,,,,
諾,漢字,N1,言,15,ダク,-,,,,
謀,漢字,N1,言,16,ボウ、ム,はか(る),,,,
謁,漢字,N1,言,15,エツ,-,,,,
謄,漢字,N1,言,17,トウ,-,,,,
謙,漢字,N1,言,17,ケン,へりくだ(る),,,,
謡,漢字,N1,言,16,ヨウ,うた・うた(う),,,,
謹,漢字,N1,言,18,キン,つつつ(しむ),,,,
譜,漢字,N1,言,19,フ,-,,,,
譲,漢字,N1,言,20,ジョウ,ゆず(る),,,,
己,漢字,N1,己,3,コ・キ,おのれ,,小学6年(5級),5級,小学6年
所,漢字,N4 ,戸,8,ショ,ところ,place,小学3年(８級),8級,小学3年
戸,漢字,N2,戸,4,コ,と,,小学2年(９級),9級,小学2年
戻,漢字,N3,戸,7,レイ,もど(る)・もど(す),,,,
房,漢字,N1,戸,8,ボウ,ふさ,,,,
扇,漢字,N1,戸,10,セン,おうぎ・あお(ぐ),,,,
扉,漢字,N1,戸,12,ヒ,とびら,,,,
鼓,漢字,N1,鼓,13,コ,つづみ,,,,
否,漢字,N3,口,7,ヒ,いな,verb,小学6年(5級),5級,小学6年
吸,漢字,N3,口,6,キュウ,す（う）,verb,小学6年(5級),5級,小学6年
呼,漢字,N3,口,8,コ,よ（ぶ）,verb,小学6年(5級),5級,小学6年
后,漢字,N1,口,6,ゴウ・ゴ,きさき,,小学6年(5級),5級,小学6年
善,漢字,N1,口,12,ゼン,よ（い）,,小学6年(5級),5級,小学6年
告,漢字,N3,口,7,コク,つ（げる）,verb,小学5年(６級),6級,小学5年
史,漢字,N2,口,5,シ,-,,小学5年(６級),6級,小学5年
可,漢字,N3,口,5,カ,-,,小学5年(６級),6級,小学5年
喜,漢字,N3,口,12,キ,よろこ（び）,,小学5年(６級),6級,小学5年
句,漢字,N1,口,5,ク,-,,小学5年(６級),6級,小学5年
各,漢字,N2,口,6,カク,-,,小学4年(７級),7級,小学4年
周,漢字,N2,口,8,シュウ,まわ（り）,,小学4年(７級),7級,小学4年
司,漢字,N1,口,5,シ,つかさ（どる）,,小学4年(７級),7級,小学4年
唱,漢字,N1,口,11,ショウ,とな（える）,,小学4年(７級),7級,小学4年
器,漢字,N1,口,15,キ,うつわ,,小学4年(７級),7級,小学4年
員,漢字,N4 ,口,10,イン,-,people,小学3年(８級),8級,小学3年
向,漢字,N3,口,6,コウ,む（かう）・む（く）,verb,小学3年(８級),8級,小学3年
命,漢字,N3,口,8,メイ,いのち,verb,小学3年(８級),8級,小学3年
味,漢字,N4 ,口,8,ミ,あじ,,小学3年(８級),8級,小学3年
品,漢字,N4 ,口,9,ヒン,しな,,小学3年(８級),8級,小学3年
問,漢字,N4 ,口,11,モン,と（う）,,小学3年(８級),8級,小学3年
和,漢字,N3,口,8,ワ,かず,,小学3年(８級),8級,小学3年
商,漢字,N3,口,11,ショウ,あきな（い）,,小学3年(８級),8級,小学3年
号,漢字,N3,口,5,ゴウ,-,,小学3年(８級),8級,小学3年
君,漢字,N3,口,7,クン,きみ,,小学3年(８級),8級,小学3年
古,漢字,N5 ,口,5,コ,ふる（い）,adjective (age),小学2年(９級),9級,小学2年
合,漢字,N4 ,口,6,ゴウ・カッ,あ（う）,,小学2年(９級),9級,小学2年
台,漢字,N4 ,口,5,ダイ・タイ,-,,小学2年(９級),9級,小学2年
同,漢字,N4 ,口,6,ドウ,おな（じ）,,小学2年(９級),9級,小学2年
口,漢字,N5 ,口,3,コウ・ク,くち,body & face,小学1年 (１０級),10級,小学1年
名,漢字,N5 ,口,6,メイ・ミョウ,な,people & school,小学1年 (１０級),10級,小学1年
右,漢字,N5 ,口,5,ウ・ユウ,みぎ,position & direction,小学1年 (１０級),10級,小学1年
吹,漢字,N3,口,7,スイ,ふ(く),verb,,,
叫,漢字,N3,口,6,キョウ,さけ(ぶ),,,,
召,漢字,N3,口,5,ショウ,め(す),,,,
含,漢字,N3,口,7,ガン,ふく(む)・ふく(める),,,,
咲,漢字,N3,口,9,-,さく,,,,
喫,漢字,N3,口,12,キツ,-,,,,
吉,漢字,N1,口,6,キチ・キツ,よし,,,,
吏,漢字,N1,口,6,リ,-,,,,
吐,漢字,N1,口,6,ト,は(く),,,,
吟,漢字,N1,口,7,ギン,-,,,,
呈,漢字,N1,口,7,テイ,-,,,,
呉,漢字,N1,口,7,ゴ,くれ,,,,
哀,漢字,N1,口,9,アイ,あわ(れ)・あわ(れむ),,,,
哲,漢字,N1,口,10,テツ,-,,,,
唆,漢字,N1,口,10,サ,そそのか(す),,,,
唇,漢字,N1,口,10,シン,くちびる,,,,
唯,漢字,N1,口,11,ユイ・イ,ただ,,,,
啓,漢字,N1,口,11,ケイ,-,,,,
喚,漢字,N1,口,12,カン,わめ(く),,,,
喝,漢字,N1,口,11,カツ,-,,,,
喪,漢字,N1,口,12,ソウ,も,,,,
嗣,漢字,N1,口,13,シ,つぐ,,,,
嘆,漢字,N1,口,13,タン,なげ(かわしい)・なげ(く),,,,
嘱,漢字,N1,口,15,ショク,-,,,,
噴,漢字,N1,口,15,フン,ふ(く),,,,
嚇,漢字,N1,口,17,カク,おど(す),,,,
差,漢字,N3,工,10,サ,さ（す）,,小学4年(７級),7級,小学4年
工,漢字,N4 ,工,3,コウ・ク,-,,小学2年(９級),9級,小学2年
左,漢字,N5 ,工,5,サ,ひだり,position & direction,小学1年 (１０級),10級,小学1年
巨,漢字,N2,工,5,キョ,-,,,,
巧,漢字,N1,工,5,コウ,たく(み),,,,
術,漢字,N3,行,11,ジュツ,-,,小学5年(６級),6級,小学5年
衛,漢字,N1,行,16,エ・エイ,まもる,,小学5年(６級),6級,小学5年
街,漢字,N1,行,12,ガイ,まち,,小学4年(７級),7級,小学4年
行,漢字,N5 ,行,6,コウ・ギョウ,い（く）・ゆ（く）・おこな（う）,verb,小学2年(９級),9級,小学2年
衝,漢字,N1,行,15,ショウ,つ(く),,,,
衡,漢字,N1,行,16,コウ,-,,,,
香,漢字,N2,香,9,コウ・キョウ,かお（り）・か,,小学4年(７級),7級,小学4年
高,漢字,N5 ,高,10,コウ,たか（い）,adjective (height/price),小学2年(９級),9級,小学2年
黙,漢字,N1,黒,15,モク,だ(まる),,,,
黒,漢字,N4 ,黒,11,コク,くろ,adjective (color),小学2年(９級),9級,小学2年
骨,漢字,N2,骨,10,コツ,ほね,,小学6年(5級),5級,小学6年
髄,漢字,N1,骨,19,ズイ,-,,,,
良,漢字,N3,艮,7,リョウ,よ（い）,,小学4年(７級),7級,小学4年
盛,漢字,N1,皿,11,セイ・ジョウ,も（る）・も（れる）さか(ん),,小学6年(5級),5級,小学6年
盟,漢字,N1,皿,13,メイ,-,,小学6年(5級),5級,小学6年
益,漢字,N1,皿,10,エキ・ヤク,ま(す),,小学5年(６級),6級,小学5年
皿,漢字,N2,皿,5,-,さら,,小学3年(８級),8級,小学3年
盗,漢字,N3,皿,11,トウ,ぬす(む),,,,
盆,漢字,N1,皿,9,ボン,-,,,,
監,漢字,N1,皿,14,カン,-,,,,
盤,漢字,N1,皿,15,バン,-,,,,
岐,漢字,N1,山,7,キ・ギ,-,,小学4年(７級),7級,小学4年
崎,漢字,N1,山,11,-,さき,,小学4年(７級),7級,小学4年
岡,漢字,,山,8,-,おか,,小学4年(７級),7級,小学4年
岸,漢字,N2,山,8,ガン,きし,,小学3年(８級),8級,小学3年
島,漢字,N2,山,10,トウ,しま,,小学3年(８級),8級,小学3年
岩,漢字,N2,山,8,ガン,いわ,,小学2年(９級),9級,小学2年
山,漢字,N5 ,山,3,サン,やま,nature & weather,小学1年 (１０級),10級,小学1年
岬,漢字,N1,山,8,コウ,みさき,,,,
岳,漢字,N1,山,8,ガク,たけ,,,,
峠,漢字,N1,山,9,-,とうげ,,,,
峡,漢字,N1,山,9,キョウ,はざま,,,,
峰,漢字,N1,山,10,ホウ,みね,,,,
崇,漢字,N1,山,11,スウ,あが(める),,,,
崩,漢字,N1,山,11,ホウ,くず(れる)・くず(す),,,,
士,漢字,N1,士,3,シ,-,,小学5年(６級),6級,小学5年
声,漢字,N4 ,士,7,セイ,こえ,body & face,小学2年(９級),9級,小学2年
壮,漢字,N1,士,6,ソウ,-,,,,
壱,漢字,N1,士,7,イチ,-,,,,
存,漢字,N3,子,6,ソン・ゾン,-,,小学6年(5級),5級,小学6年
孝,漢字,N1,子,7,コウ,-,,小学6年(5級),5級,小学6年
季,漢字,N2,子,8,キ,-,,小学4年(７級),7級,小学4年
孫,漢字,N2,子,10,ソン,まご,,小学4年(７級),7級,小学4年
子,漢字,N5 ,子,3,シ・ス,こ,people & school,小学1年 (１０級),10級,小学1年
学,漢字,N5 ,子,8,ガク,まな（ぶ）,people & school,小学1年 (１０級),10級,小学1年
字,漢字,N4 ,子,6,ジ,あざ,,小学1年 (１０級),10級,小学1年
孔,漢字,N1,子,4,コウ,はなはだ,,,,
孤,漢字,N1,子,8,コ,みなしご,,,,
支,漢字,N3,支,4,シ,ささ（える）,,小学5年(６級),6級,小学5年
武,漢字,N2,止,8,ブ・ム,-,,小学5年(６級),6級,小学5年
歴,漢字,N2,止,14,レキ,へ（る）,,小学5年(６級),6級,小学5年
歩,漢字,N4 ,止,8,ホ・フ・ブ,ある（く）・あゆ（む）,verb,小学2年(９級),9級,小学2年
止,漢字,N4 ,止,4,シ,と（まる）,verb,小学2年(９級),9級,小学2年
正,漢字,N4 ,止,5,セイ・ショウ,ただ（しい）・まさ,,小学1年 (１０級),10級,小学1年
歳,漢字,N3,止,13,サイ・セイ,-,,,,
民,漢字,N3,氏,5,ミン,-,,小学4年(７級),7級,小学4年
氏,漢字,N1,氏,4,シ,-,,小学4年(７級),7級,小学4年
紅,漢字,N2,糸,9,コウ・ク,べに・あか（い）・くれない,,小学6年(5級),5級,小学6年
純,漢字,N2,糸,10,ジュン,-,,小学6年(5級),5級,小学6年
系,漢字,N1,糸,7,ケイ,-,,小学6年(5級),5級,小学6年
納,漢字,N1,糸,10,ノウ・ナッ・ナン・トウ,おさ（める）,,小学6年(5級),5級,小学6年
絹,漢字,N1,糸,13,ケン,きぬ,,小学6年(5級),5級,小学6年
縦,漢字,N1,糸,16,ジュウ,たて,,小学6年(5級),5級,小学6年
縮,漢字,N1,糸,17,シュク,ちぢ（む）・ちぢ（める）,,小学6年(5級),5級,小学6年
経,漢字,N3,糸,11,ケイ・キョウ,へ（る）,,小学5年(６級),6級,小学5年
絶,漢字,N3,糸,12,ゼツ,た（つ）・た（える）,,小学5年(６級),6級,小学5年
綿,漢字,N2,糸,14,メン,わた,,小学5年(６級),6級,小学5年
総,漢字,N2,糸,14,ソウ,す（べる）・ふさ,,小学5年(６級),6級,小学5年
編,漢字,N2,糸,15,ヘン,あ（む）,,小学5年(６級),6級,小学5年
績,漢字,N2,糸,17,セキ,-,,小学5年(６級),6級,小学5年
紀,漢字,N1,糸,9,キ,のり・しる（す),,小学5年(６級),6級,小学5年
素,漢字,N1,糸,10,ソ・ス,もと,,小学5年(６級),6級,小学5年
統,漢字,N1,糸,12,トウ,す（べる）,,小学5年(６級),6級,小学5年
織,漢字,N1,糸,18,ショク・シキ,お（る）,,小学5年(６級),6級,小学5年
約,漢字,N3,糸,9,ヤク,-,,小学4年(７級),7級,小学4年
給,漢字,N3,糸,12,キュウ,-,,小学4年(７級),7級,小学4年
続,漢字,N3,糸,13,ゾク,つづ（く）・つづ（ける）,,小学4年(７級),7級,小学4年
結,漢字,N1,糸,12,ケツ,むす（ぶ）,,小学4年(７級),7級,小学4年
縄,漢字,N1,糸,15,ジョウ,なわ,,小学4年(７級),7級,小学4年
終,漢字,N4 ,糸,11,シュウ,お（わり）,verb,小学3年(８級),8級,小学3年
緑,漢字,N2,糸,14,リョク,みどり,,小学3年(８級),8級,小学3年
練,漢字,N2,糸,14,レン,-,,小学3年(８級),8級,小学3年
級,漢字,N1,糸,9,キュウ,-,,小学3年(８級),8級,小学3年
組,漢字,N4 ,糸,11,ソ,くみ・く（む）,verb,小学2年(９級),9級,小学2年
紙,漢字,N4 ,糸,10,シ,かみ,,小学2年(９級),9級,小学2年
絵,漢字,N4 ,糸,12,カイ,え,,小学2年(９級),9級,小学2年
細,漢字,N3,糸,11,サイ,ほそ(い)・こま(かい),,小学2年(９級),9級,小学2年
線,漢字,N2,糸,15,セン,-,,小学2年(９級),9級,小学2年
糸,漢字,N2,糸,6,シ,いと,,小学1年 (１０級),10級,小学1年
緒,漢字,N3,糸,14,ショ・チョ,お,,,,
紹,漢字,N2,糸,11,ショウ,-,,,,
絡,漢字,N2,糸,12,ラク,から(む)・から(まる),,,,
糾,漢字,N1,糸,9,キュウ,ただ(す),,,,
紋,漢字,N1,糸,10,モン,-,,,,
紛,漢字,N1,糸,10,フン,まぎ(れる)・まぎ(らす)・まぎ(らわしい)・まぎ(らわす),,,,
紡,漢字,N1,糸,10,ボウ,つむ(ぐ),,,,
索,漢字,N1,糸,10,サク,-,,,,
紫,漢字,N1,糸,12,シ,むらさき,,,,
累,漢字,N1,糸,11,ルイ,-,,,,
紳,漢字,N1,糸,11,シン,-,,,,
紺,漢字,N1,糸,11,コン,-,,,,
絞,漢字,N1,糸,12,コウ,しぼ(る)、し(める)、し(まる),,,,
継,漢字,N1,糸,13,ケイ,つ(ぐ),,,,
維,漢字,N1,糸,14,イ,-,,,,
綱,漢字,N1,糸,14,コウ,つな,,,,
網,漢字,N1,糸,14,モウ,あみ,,,,
緊,漢字,N1,糸,15,キン,-,,,,
締,漢字,N1,糸,15,テイ,し(まる)・し(める),,,,
緩,漢字,N1,糸,15,カン,ゆる(い)・ゆる(む)・ゆる(める)・ゆる(やか),,,,
緯,漢字,N1,糸,16,イ,よこいと,,,,
縁,漢字,N1,糸,15,エン,ふち,,,,
縛,漢字,N1,糸,16,バク,しば(る),,,,
縫,漢字,N1,糸,16,ホウ,ぬ(う),,,,
繁,漢字,N1,糸,16,ハン,-,,,,
繊,漢字,N1,糸,17,セン,-,,,,
繕,漢字,N1,糸,18,ゼン,つくろ(う),,,,
繭,漢字,N1,糸,18,ケン,まゆ,,,,
繰,漢字,N1,糸,19,ソウ,く(る),,,,
至,漢字,N1,至,6,シ,いた（る）・いたり,,小学6年(5級),5級,小学6年
致,漢字,N1,至,10,チ,いた(す),,,,
齢,漢字,N2,歯,17,レイ,-,,,,
歯,漢字,N3,歯,12,シ,は,,小学3年(８級),8級,小学3年
秘,漢字,N1,示,10,ヒ,ひ（める）,,小学6年(5級),5級,小学6年
示,漢字,N3,示,5,シ・ジ,しめ（す）,,小学5年(６級),6級,小学5年
祖,漢字,N3,示,9,ソ,-,,小学5年(６級),6級,小学5年
禁,漢字,N2,示,13,キン,-,,小学5年(６級),6級,小学5年
票,漢字,N1,示,11,ヒョウ,-,,小学4年(７級),7級,小学4年
祝,漢字,N2,示,9,シュク,いわ（う）,,小学4年(７級),7級,小学4年
礼,漢字,N3,示,5,レイ,-,,小学3年(８級),8級,小学3年
神,漢字,N3,示,9,シン・ジン,かみ・こう・かん,,小学3年(８級),8級,小学3年
福,漢字,N3,示,13,フク,-,,小学3年(８級),8級,小学3年
祭,漢字,N2,示,11,サイ,まつ（り）,,小学3年(８級),8級,小学3年
社,漢字,N4 ,示,7,シャ,やしろ,,小学2年(９級),9級,小学2年
祈,漢字,N2,示,8,キ,いの(る),,,,
祉,漢字,N1,示,8,シ,-,,,,
祥,漢字,N1,示,10,ショウ,さいわい,,,,
禅,漢字,N1,示,13,ゼン,-,,,,
禍,漢字,N1,示,13,カ,わざわい,,,,
耐,漢字,N1,而,9,タイ,た(える),,,,
聖,漢字,N1,耳,13,セイ・ショウ,ひじり,,小学6年(5級),5級,小学6年
職,漢字,N3,耳,18,ショク,-,,小学5年(６級),6級,小学5年
聞,漢字,N5 ,耳,14,ブン・モン,き（く）,people & school,小学2年(９級),9級,小学2年
耳,漢字,N5 ,耳,6,ジ,みみ,body & face,小学1年 (１０級),10級,小学1年
聴,漢字,N1,耳,17,チョウ,き(く),,,,
自,漢字,N4 ,自,6,ジ・シ,みずか（ら）,,小学2年(９級),9級,小学2年
臭,漢字,N1,自,10,シュウ,くさ(い)・にお(い),,,,
鹿,漢字,,鹿,11,-,しか,,小学4年(７級),7級,小学4年
麗,漢字,N1,鹿,19,レイ,うるわ(しい),,,,
輸,漢字,,車,16,ユ,-,,小学5年(６級),6級,小学5年
軍,漢字,N2,車,9,グン,-,,小学4年(７級),7級,小学4年
輪,漢字,N2,車,15,リン,わ,,小学4年(７級),7級,小学4年
軽,漢字,N4 ,車,12,ケイ,かる（い）・かろ（やか）,adjective (),小学3年(８級),8級,小学3年
転,漢字,N4 ,車,11,テン,ころ（ぶ）・ころ（がる）,verb,小学3年(８級),8級,小学3年
車,漢字,N5 ,車,7,シャ,くるま,transportation,小学1年 (１０級),10級,小学1年
軒,漢字,N2,車,10,ケン,のき,,,,
軟,漢字,N2,車,11,ナン,やわ(らかい),,,,
軌,漢字,N1,車,9,キ,-,,,,
軸,漢字,N1,車,12,ジク,-,,,,
較,漢字,N1,車,13,カク,-,,,,
載,漢字,N1,車,13,サイ,の(せる)・の(る),,,,
輝,漢字,N1,車,15,キ,かがや(く),,,,
輩,漢字,N1,車,15,ハイ,-,,,,
轄,漢字,N1,車,17,カツ,-,,,,
拝,漢字,N2,手,8,ハイ,おが（む）,,小学6年(5級),5級,小学6年
探,漢字,N3,手,11,タン,さが（す）・さぐ（る）,,小学6年(5級),5級,小学6年
承,漢字,N2,手,8,ショウ,うけたまわ（る）,,小学6年(5級),5級,小学6年
担,漢字,N2,手,8,タン,かつ（ぐ）・にな（う）,,小学6年(5級),5級,小学6年
捨,漢字,N2,手,11,シャ,す（てる）,,小学6年(5級),5級,小学6年
批,漢字,N1,手,7,ヒ,-,,小学6年(5級),5級,小学6年
拡,漢字,N1,手,8,カク,ひろ（がる）,,小学6年(5級),5級,小学6年
推,漢字,N1,手,11,スイ,お（す）,,小学6年(5級),5級,小学6年
揮,漢字,N1,手,12,キ,ふる（う）,,小学6年(5級),5級,小学6年
操,漢字,N1,手,16,ソウ,あやつ（る）,,小学6年(5級),5級,小学6年
招,漢字,N3,手,8,ショウ,まね（く）,,小学5年(６級),6級,小学5年
技,漢字,N2,手,7,ギ,わざ,,小学5年(６級),6級,小学5年
採,漢字,N2,手,11,サイ,と（る）,,小学5年(６級),6級,小学5年
接,漢字,N2,手,11,セツ,つ（ぐ）,,小学5年(６級),6級,小学5年
損,漢字,N2,手,13,ソン,そこ（なう）,,小学5年(６級),6級,小学5年
授,漢字,N1,手,11,ジュ,さず（かる）,,小学5年(６級),6級,小学5年
提,漢字,N1,手,12,テイ,さ（げる）,,小学5年(６級),6級,小学5年
折,漢字,N3,手,7,セツ,お（れる）・おり,,小学4年(７級),7級,小学4年
挙,漢字,N1,手,10,キョ,あ（げる）,,小学4年(７級),7級,小学4年
持,漢字,N4 ,手,9,ジ,も（つ）,verb,小学3年(８級),8級,小学3年
打,漢字,N3,手,5,ダ,う（つ）,,小学3年(８級),8級,小学3年
投,漢字,N3,手,7,トウ,な（げる）,,小学3年(８級),8級,小学3年
指,漢字,N3,手,9,シ,ゆび,,小学3年(８級),8級,小学3年
拾,漢字,N2,手,9,シュウ・ジュウ,ひろ（う）,,小学3年(８級),8級,小学3年
才,漢字,N4 ,手,3,サイ,-,,小学2年(９級),9級,小学2年
手,漢字,N5 ,手,4,シュ,て・た,body & face,小学1年 (１０級),10級,小学1年
払,漢字,N3,手,5,フツ,はら（う）,,,,
抜,漢字,N3,手,8,バツ,ぬ(く)・ぬ(ける),,,,
抱,漢字,N3,手,8,ホウ,だ(く)・いだ(く)・かか(える),,,,
押,漢字,N3,手,8,オウ,お（す）・お（さえる）,,,,
捕,漢字,N3,手,10,ホ,とら(える)・つか(まえる),,,,
掛,漢字,N3,手,11,カイ・ケ,か（ける）・か（かる）,,,,
挟,漢字,N2,手,9,キョウ,はさ(む)・はさ(まる),,,,
捜,漢字,N2,手,10,ソウ,さが(す),,,,
掃,漢字,N2,手,11,ソウ,は(く),,,,
掘,漢字,N2,手,11,クツ,ほ(る),,,,
換,漢字,N2,手,12,カン,か(える)・か(わる),,,,
扱,漢字,N1,手,6,ソウ,あつか(う),,,,
扶,漢字,N1,手,7,フ,たす(ける),,,,
抄,漢字,N1,手,7,ショウ,-,,,,
把,漢字,N1,手,7,ハ,-,,,,
抑,漢字,N1,手,7,ヨク,おさ(える),,,,
抗,漢字,N1,手,8,コウ,あらが(う),,,,
択,漢字,N1,手,7,タク,えら(ぶ),,,,
披,漢字,N1,手,8,ヒ,-,,,,
抵,漢字,N1,手,8,テイ,-,,,,
抹,漢字,N1,手,8,マツ,-,,,,
抽,漢字,N1,手,8,チュウ,-,,,,
拍,漢字,N1,手,8,ハク、ヒョウ,-,,,,
拐,漢字,N1,手,8,カイ,-,,,,
拒,漢字,N1,手,8,キョ,こば(む),,,,
拓,漢字,N1,手,8,タク,ひら(く),,,,
拘,漢字,N1,手,8,コウ,かか(わる),,,,
拙,漢字,N1,手,8,セツ,つたな(い)　,,,,
拠,漢字,N1,手,8,キョ,よ(る),,,,
括,漢字,N1,手,9,カツ,くく(る),,,,
拷,漢字,N1,手,9,ゴウ,-,,,,
挑,漢字,N1,手,9,チョウ,いど(む),,,,
振,漢字,N1,手,10,シン,ふ(る)・ふ(れる),,,,
挿,漢字,N1,手,10,ソウ,さ(す),,,,
据,漢字,N1,手,11,キョ,す(える)・す(わる),,,,
掌,漢字,N1,手,12,ショウ,たなごころ,,,,
排,漢字,N1,手,11,ハイ,-,,,,
控,漢字,N1,手,11,コウ,ひか(える),,,,
措,漢字,N1,手,11,ソ,-,,,,
掲,漢字,N1,手,11,ケイ,かか(げる),,,,
描,漢字,N1,手,11,ビョウ,えが(く)・か(く),,,,
揚,漢字,N1,手,12,ヨウ,あ(げる)・あ(がる),,,,
握,漢字,N1,手,12,アク,にぎ(る),,,,
援,漢字,N1,手,12,エン,-,,,,
揺,漢字,N1,手,12,ヨウ,ゆ(れる)・ゆ(らぐ)・ゆ(さぶる),,,,
搬,漢字,N1,手,13,ハン,-,,,,
搭,漢字,N1,手,12,トウ,-,,,,
携,漢字,N1,手,13,ケイ,たずさ(わる)・たずさ(える),,,,
搾,漢字,N1,手,13,サク,しぼ(る),,,,
摂,漢字,N1,手,13,セツ,-,,,,
摘,漢字,N1,手,14,テキ,つ(む),,,,
摩,漢字,N1,手,15,マ,す(る),,,,
撃,漢字,N1,手,15,ゲキ,う(つ),,,,
撤,漢字,N1,手,15,テツ,-,,,,
撮,漢字,N1,手,15,サツ,と(る),,,,
撲,漢字,N1,手,15,ボク,-,,,,
擁,漢字,N1,手,16,ヨウ,-,,,,
擦,漢字,N1,手,17,サツ,す(る)・す(れる),,,,
擬,漢字,N1,手,17,ギ,ぎ(する),,,,
首,漢字,N5 ,首,9,シュ,くび,body & face,小学2年(９級),9級,小学2年
航,漢字,N2,舟,10,コウ,-,,小学5年(６級),6級,小学5年
船,漢字,N4 ,舟,11,セン,ふね・ふな,,小学2年(９級),9級,小学2年
舟,漢字,N2,舟,6,シュウ,ふね・ふな,,,,
般,漢字,N2,舟,10,ハン,-,,,,
舶,漢字,N1,舟,11,ハク,-,,,,
艇,漢字,N1,舟,13,テイ,-,,,,
艦,漢字,N1,舟,21,カン,-,,,,
卒,漢字,N2,十,8,ソツ,-,,小学4年(７級),7級,小学4年
協,漢字,N2,十,8,キョウ,-,,小学4年(７級),7級,小学4年
博,漢字,N1,十,12,ハク,-,,小学4年(７級),7級,小学4年
半,漢字,N5 ,十,5,ハン,なか（ば）,days & times,小学2年(９級),9級,小学2年
午,漢字,N5 ,十,4,ゴ,うま,days & times,小学2年(９級),9級,小学2年
南,漢字,N5 ,十,9,ナン,みなみ,position & direction,小学2年(９級),9級,小学2年
十,漢字,N5 ,十,2,ジュウ・ジッ,とお・と,numbers,小学1年 (１０級),10級,小学1年
千,漢字,N5 ,十,3,セン,チ,numbers,小学1年 (１０級),10級,小学1年
升,漢字,N1,十,4,ショウ,ます,,,,
卑,漢字,N1,十,9,ヒ,いや(しい),,,,
卓,漢字,N1,十,8,タク,-,,,,
姿,漢字,N1,女,9,シ,すがた,,小学6年(5級),5級,小学6年
妻,漢字,N3,女,8,サイ,つま,,小学5年(６級),6級,小学5年
婦,漢字,N3,女,11,フ,-,,小学5年(６級),6級,小学5年
好,漢字,N3,女,6,コウ,この（み）・す（き）,,小学4年(７級),7級,小学4年
媛,漢字,,女,12,ヒン,ひめ,,小学4年(７級),7級,小学4年
始,漢字,N4 ,女,8,シ,はじ（める）・はじ（まる）,verb,小学3年(８級),8級,小学3年
委,漢字,N2,女,8,イ,ゆだ（ねる）,,小学3年(８級),8級,小学3年
妹,漢字,N4 ,女,8,マイ,いもうと,people,小学2年(９級),9級,小学2年
姉,漢字,N4 ,女,8,シ,あね・ねえ,people,小学2年(９級),9級,小学2年
女,漢字,N5 ,女,3,ジョ・ニョ・ニョウ,おんな・め,people & school,小学1年 (１０級),10級,小学1年
娘,漢字,N3,女,10,-,むすめ,,,,
婚,漢字,N3,女,11,コン,-,,,,
姓,漢字,N2,女,8,セイ・ショウ,-,,,,
奴,漢字,N1,女,5,ド,やつ,,,,
如,漢字,N1,女,6,ジョ・ニ,ごと(く),,,,
妃,漢字,N1,女,6,ヒ,きさき,,,,
妄,漢字,N1,女,6,モウ・ボウ,妄(りに),,,,
妊,漢字,N1,女,7,ニン,-,,,,
妙,漢字,N1,女,7,ミョウ,たえ,,,,
妥,漢字,N1,女,7,タ,おだやか,,,,
妨,漢字,N1,女,7,ボウ,さまた(げる),,,,
姫,漢字,N1,女,10,キ,ひめ,,,,
姻,漢字,N1,女,9,イン,-,,,,
威,漢字,N1,女,9,イ,おど(す)・おど(かす),,,,
娠,漢字,N1,女,10,シン,-,,,,
娯,漢字,N1,女,10,ゴ,たの(しむ),,,,
婆,漢字,N1,女,11,バ,ばば,,,,
婿,漢字,N1,女,12,セイ,むこ,,,,
媒,漢字,N1,女,12,バイ,なかだち,,,,
嫁,漢字,N1,女,13,カ,よめ・とつ(ぐ),,,,
嫌,漢字,N1,女,13,ケン・ゲン,きら(う)・いや,,,,
嫡,漢字,N1,女,14,チャク・テキ,-,,,,
嬢,漢字,N1,女,16,ジョウ,むすめ,,,,
少,漢字,N5 ,小,4,ショウ,すく（ない）・すこ（し）,adjective (amount),小学2年(９級),9級,小学2年
当,漢字,N4 ,小,6,トウ,あ（たる）,verb,小学2年(９級),9級,小学2年
小,漢字,N5 ,小,3,ショウ,ちい（さい）・こ・お,adjective (size),小学1年 (１０級),10級,小学1年
尚,漢字,N1,小,8,ショウ,なお・とうとぶ・たっとぶ,,,,
色,漢字,N4 ,色,6,シキ・ショク,いろ,adjective (color),小学2年(９級),9級,小学2年
飼,漢字,N1,食,13,シ,か（う）,,小学5年(６級),6級,小学5年
飯,漢字,N4 ,食,12,ハン,めし,,小学4年(７級),7級,小学4年
養,漢字,N1,食,15,ヨウ,やしな（う）,,小学4年(７級),7級,小学4年
館,漢字,N4 ,食,16,カン,やかた,place,小学3年(８級),8級,小学3年
飲,漢字,N5 ,食,12,イン,の（む）,verb,小学3年(８級),8級,小学3年
食,漢字,N5 ,食,9,ショク,た（べる）・く（う）,verb,小学2年(９級),9級,小学2年
飢,漢字,N1,食,10,キ,う(える),,,,
飽,漢字,N1,食,13,ホウ,あ(きる)・あ(かす),,,,
飾,漢字,N1,食,13,ショク,かざ(る),,,,
餓,漢字,N1,食,15,ガ,-,,,,
忘,漢字,N3,心,7,ボウ,わす（れる）,,小学6年(5級),5級,小学6年
忠,漢字,N1,心,8,チュウ,-,,小学6年(5級),5級,小学6年
恩,漢字,N1,心,10,オン,-,,小学6年(5級),5級,小学6年
憲,漢字,N1,心,16,ケン,-,,小学6年(5級),5級,小学6年
性,漢字,N3,心,8,セイ・ショウ,-,,小学5年(６級),6級,小学5年
情,漢字,N3,心,11,ジョウ・セイ,なさけ,,小学5年(６級),6級,小学5年
慣,漢字,N3,心,14,カン,な（れる）,,小学5年(６級),6級,小学5年
快,漢字,N2,心,7,カイ,こころよ（い）,,小学5年(６級),6級,小学5年
志,漢字,N1,心,7,シ,こころざし,,小学5年(６級),6級,小学5年
応,漢字,N1,心,7,オウ,こた（える）,,小学5年(６級),6級,小学5年
態,漢字,N1,心,14,タイ,-,,小学5年(６級),6級,小学5年
必,漢字,N3,心,5,ヒツ,かなら（ず）,,小学4年(７級),7級,小学4年
念,漢字,N3,心,8,ネン,-,,小学4年(７級),7級,小学4年
愛,漢字,N3,心,13,アイ,-,,小学4年(７級),7級,小学4年
悪,漢字,N4 ,心,11,アク・オ,わる（い）,adjective (),小学3年(８級),8級,小学3年
急,漢字,N4 ,心,9,キュウ,いそ（ぐ）,adjective (),小学3年(８級),8級,小学3年
意,漢字,N4 ,心,13,イ,-,,小学3年(８級),8級,小学3年
息,漢字,N3,心,10,ソク,いき,,小学3年(８級),8級,小学3年
悲,漢字,N3,心,12,ヒ,かな（しい）,,小学3年(８級),8級,小学3年
想,漢字,N3,心,13,ソウ・ソ,-,,小学3年(８級),8級,小学3年
感,漢字,N3,心,13,カン,-,,小学3年(８級),8級,小学3年
心,漢字,N4 ,心,4,シン,こころ,body & face,小学2年(９級),9級,小学2年
思,漢字,N4 ,心,9,シ,おも（う）,verb,小学2年(９級),9級,小学2年
忙,漢字,N3,心,6,ボウ,いそが(しい),,,,
怒,漢字,N3,心,9,ド,いか(る)・おこ(る),,,,
怖,漢字,N3,心,8,フ,こわ(い),,,,
恐,漢字,N3,心,10,キョウ,おそ(れる)・おそ(ろしい),,,,
恥,漢字,N3,心,10,チ,はじ・は(ずかしい),,,,
恋,漢字,N2,心,10,レン,こい・こい(しい),,,,
患,漢字,N2,心,11,カン,わずら(う),,,,
悩,漢字,N2,心,10,ノウ,なや(む)・なや(ます),,,,
憎,漢字,N2,心,14,ゾウ,にく(む)・にく(らしい),,,,
忌,漢字,N1,心,7,キ,い(む)・い(まわしい),,,,
忍,漢字,N1,心,7,ニン,しのぶ,,,,
怠,漢字,N1,心,9,タイ,おこた(る)・なま(ける),,,,
怪,漢字,N1,心,8,カイ・ケ,あや(しい),,,,
恒,漢字,N1,心,9,コウ,つね,,,,
恨,漢字,N1,心,10,コン,うら(む),,,,
恭,漢字,N1,心,10,キョウ,うやうや(しい),,,,
恵,漢字,N1,心,10,ケイ・エ,めぐむ,,,,
悔,漢字,N1,心,10,カイ,く(やむ)・くや(しい),,,,
悟,漢字,N1,心,10,ゴ,さとる,,,,
悠,漢字,N1,心,11,ユウ,-,,,,
悦,漢字,N1,心,10,エツ,よろこ(ぶ),,,,
悼,漢字,N1,心,11,トウ,いた(む),,,,
惑,漢字,N1,心,12,ワク,まど(う),,,,
惜,漢字,N1,心,12,セキ,お(しい),,,,
惨,漢字,N1,心,11,サン・ザン,みじ(め),,,,
惰,漢字,N1,心,12,ダ,-,,,,
愁,漢字,N1,心,13,シュウ,うれ(える),,,,
愉,漢字,N1,心,12,ユ,たの(しむ),,,,
愚,漢字,N1,心,13,グ,おろ(か),,,,
慈,漢字,N1,心,13,ジ,いつく(しむ),,,,
慎,漢字,N1,心,13,シン,つつし(む),,,,
慕,漢字,N1,心,14,ボ,した(う),,,,
慢,漢字,N1,心,14,マン,-,,,,
慨,漢字,N1,心,14,ガイ,おおむ(ね),,,,
慮,漢字,N1,心,15,リョ,おもんばか(る),,,,
慰,漢字,N1,心,15,イ,なぐさ(める) ・なぐさ　（む）,,,,
慶,漢字,N1,心,15,ケイ,よろこ(び),,,,
憂,漢字,N1,心,15,ユウ,うれ(える)・うれ(い),,,,
憤,漢字,N1,心,15,フン,いきどお(る),,,,
憩,漢字,N1,心,16,ケイ,いこ(い)・いこ(う),,,,
憶,漢字,N1,心,16,オク,-,,,,
憾,漢字,N1,心,16,カン,うら(む),,,,
懇,漢字,N1,心,17,コン,-,,,,
懐,漢字,N1,心,16,カイ,ふところ・なつ(かしい)・なつ(く),,,,
懲,漢字,N1,心,18,チョウ,こ(りる)・こ(らす)・こ(らしめる),,,,
懸,漢字,N1,心,20,ケン,か(ける)・か(かる),,,,
臨,漢字,N1,臣,18,リン,のぞ（む）,,小学6年(5級),5級,小学6年
臣,漢字,N2,臣,7,ジン・シン,-,,小学4年(７級),7級,小学4年
身,漢字,N3,身,7,シン,み,,小学3年(８級),8級,小学3年
辞,漢字,N3,辛,13,ジ,-,,小学4年(７級),7級,小学4年
辛,漢字,N2,辛,7,シン,から(い)・つら(い),,,,
優,漢字,N3,人,17,ユウ,やさ（しい）・すぐ（れる）,verb,小学6年(5級),5級,小学6年
供,漢字,N3,人,8,キョウ・ク,とも・そな（える）,,小学6年(5級),5級,小学6年
値,漢字,N3,人,10,チ,ね・あたい,,小学6年(5級),5級,小学6年
仁,漢字,N1,人,4,ジン・二,-,,小学6年(5級),5級,小学6年
俳,漢字,N1,人,10,ハイ,-,,小学6年(5級),5級,小学6年
俵,漢字,N1,人,10,ヒョウ,たわら,,小学6年(5級),5級,小学6年
傷,漢字,N1,人,13,ショウ,きず・いた（む）,,小学6年(5級),5級,小学6年
任,漢字,N3,人,6,ニン,まか（す）,verb,小学5年(６級),6級,小学5年
余,漢字,N3,人,7,ヨ,あま（る）,verb,小学5年(６級),6級,小学5年
備,漢字,N3,人,12,ビ,そな（える）,verb,小学5年(６級),6級,小学5年
件,漢字,N3,人,6,ケン,-,,小学5年(６級),6級,小学5年
似,漢字,N3,人,7,ジ,に（る）,,小学5年(６級),6級,小学5年
仏,漢字,N2,人,4,ブツ,ほとけ,,小学5年(６級),6級,小学5年
個,漢字,N2,人,10,コ,-,,小学5年(６級),6級,小学5年
停,漢字,N2,人,11,テイ,-,,小学5年(６級),6級,小学5年
像,漢字,N2,人,14,ゾウ,-,,小学5年(６級),6級,小学5年
仮,漢字,N1,人,6,カ・ケ,かり,,小学5年(６級),6級,小学5年
価,漢字,N1,人,8,カ,あたい,,小学5年(６級),6級,小学5年
保,漢字,N1,人,9,ホ,たも（つ）,,小学5年(６級),6級,小学5年
修,漢字,N1,人,10,シュ・シユウ,おさめ（る）,,小学5年(６級),6級,小学5年
低,漢字,N4 ,人,7,テイ,ひく（い）・ひく（まる）,adjective (),小学4年(７級),7級,小学4年
働,漢字,N4 ,人,13,ドウ,はたら（く）,verb,小学4年(７級),7級,小学4年
借,漢字,N4 ,人,10,シャク,か（りる）,verb,小学4年(７級),7級,小学4年
信,漢字,N3,人,9,シン,-,verb,小学4年(７級),7級,小学4年
付,漢字,N3,人,5,フ,つ（ける）・つ（く）,verb,小学4年(７級),7級,小学4年
伝,漢字,N3,人,6,デン,つた（える）・つた（わる）,verb,小学4年(７級),7級,小学4年
便,漢字,N4 ,人,9,ベン・ビン,たよ（り）,,小学4年(７級),7級,小学4年
以,漢字,N4 ,人,5,イ,-,,小学4年(７級),7級,小学4年
例,漢字,N3,人,8,レイ,たと（える）,,小学4年(７級),7級,小学4年
位,漢字,N3,人,7,イ,くらい,,小学4年(７級),7級,小学4年
候,漢字,N3,人,10,コウ,-,,小学4年(７級),7級,小学4年
側,漢字,N3,人,11,ソク,がわ,,小学4年(７級),7級,小学4年
令,漢字,N2,人,5,レイ,-,,小学4年(７級),7級,小学4年
仲,漢字,N2,人,6, ちゅう,なか,,小学4年(７級),7級,小学4年
億,漢字,N2,人,15,オク,-,,小学4年(７級),7級,小学4年
佐,漢字,N1,人,7,サ,-,,小学4年(７級),7級,小学4年
倉,漢字,N1,人,10,ソウ,くら,,小学4年(７級),7級,小学4年
健,漢字,N1,人,11,ケン,すこ（やか）,,小学4年(７級),7級,小学4年
使,漢字,N4 ,人,8,シ,つか（う）,verb,小学3年(８級),8級,小学3年
住,漢字,N4 ,人,7,ジュウ,す（む）・す（まう）,verb,小学3年(８級),8級,小学3年
仕,漢字,N4 ,人,5,シ・ジ,つか（える）,,小学3年(８級),8級,小学3年
代,漢字,N4 ,人,5,ダイ・タイ,か（わる）・よ・しろ,,小学3年(８級),8級,小学3年
他,漢字,N3,人,5,タ,ほか,,小学3年(８級),8級,小学3年
係,漢字,N3,人,9,ケイ,かかり・かか（る）,,小学3年(８級),8級,小学3年
倍,漢字,N2,人,10,バイ,-,,小学3年(８級),8級,小学3年
体,漢字,N4 ,人,7,タイ・テイ,からだ,body & face,小学2年(９級),9級,小学2年
何,漢字,N5 ,人,7,カ,なに・なん,days & times,小学2年(９級),9級,小学2年
今,漢字,N5 ,人,4,コン・キン,いま,days & times,小学2年(９級),9級,小学2年
来,漢字,N5 ,人,7,ライ,く（る）・き（たす）・きた（る）,verb,小学2年(９級),9級,小学2年
作,漢字,N4 ,人,7,サク・サ,つく（る）,verb,小学2年(９級),9級,小学2年
会,漢字,N4 ,人,6,カイ・エ,あ（う）,,小学2年(９級),9級,小学2年
休,漢字,N5 ,人,6,キュウ,やす（む）・やす（まる）・やす（める）,people & school,小学1年 (１０級),10級,小学1年
人,漢字,N5 ,人,2,ジン・ニン,ひと,people & school,小学1年 (１０級),10級,小学1年
倒,漢字,N3,人,10,トウ,たお(れる)・たお(す),verb,,,
偉,漢字,N3,人,11,イ,えら(い),,,,
偶,漢字,N3,人,11,グウ,たま（に）,,,,
依,漢字,N3,人,8,イ・エ,よ(る),,,,
傾,漢字,N3,人,13,ケイ,かたむ(く) ・ かたむ(ける),,,,
介,漢字,N2,人,4,カイ,-,,,,
伸,漢字,N2,人,7,シン,の(びる)・の(ばす),,,,
伺,漢字,N2,人,7,シ,うかが(う),,,,
仙,漢字,N1,人,5,セン,-,,,,
仰,漢字,N1,人,6,ギョウ・コウ,あお(ぐ)・おお(せ),,,,
企,漢字,N1,人,6,キ,くわだ(てる),,,,
伏,漢字,N1,人,6,フク,ふ(せる)・ふ(す),,,,
伐,漢字,N1,人,6,バツ,-,,,,
伯,漢字,N1,人,7,ハク,-,,,,
伴,漢字,N1,人,7,ハン・バン,ともな(う),,,,
但,漢字,N1,人,7,タン,ただ(し),,,,
佳,漢字,N1,人,8,カ,-,,,,
併,漢字,N1,人,8,ヘイ,あわ(せる),,,,
侍,漢字,N1,人,8,ジ,さむらい,,,,
侮,漢字,N1,人,8,ブ,あなど(る),,,,
侯,漢字,N1,人,9,コウ,そうろう,,,,
侵,漢字,N1,人,9,シン,おかす,,,,
促,漢字,N1,人,9,ソク,うなが（す）,,,,
俊,漢字,N1,人,9,シュン,-,,,,
俗,漢字,N1,人,9,ゾク,-,,,,
俸,漢字,N1,人,10,ホウ,-,,,,
倣,漢字,N1,人,10,ホウ,なら(う),,,,
倫,漢字,N1,人,10,リン,-,,,,
倹,漢字,N1,人,10,ケン,-,,,,
偏,漢字,N1,人,11,ヘン,かたよ(る),,,,
偵,漢字,N1,人,11,テイ,-,,,,
偽,漢字,N1,人,11,ギ,いつわ(る)・にせ,,,,
傍,漢字,N1,人,12,ボウ,かたわら,,,,
傑,漢字,N1,人,12,ケツ,-,,,,
傘,漢字,N1,人,12,サン,かさ,,,,
催,漢字,N1,人,13,サイ,もよお(す),,,,
債,漢字,N1,人,13,サイ,-,,,,
僕,漢字,N1,人,14,ボク,しもべ,,,,
僚,漢字,N1,人,14,リョウ,-,,,,
僧,漢字,N1,人,14,ソウ,-,,,,
儀,漢字,N1,人,15,ギ,-,,,,
儒,漢字,N1,人,16,ジュ,-,,,,
償,漢字,N1,人,17,ショウ,つぐな(う),,,,
洗,漢字,N4 ,水,9,セン,あら（う）,verb,小学6年(5級),5級,小学6年
済,漢字,N3,水,11,サイ,す（む）,,小学6年(5級),5級,小学6年
泉,漢字,N2,水,9,セン,いずみ,,小学6年(5級),5級,小学6年
沿,漢字,N1,水,8,エン,そ（う）,,小学6年(5級),5級,小学6年
派,漢字,N1,水,9,ハ,-,,小学6年(5級),5級,小学6年
源,漢字,N1,水,13,ゲン,みなもと,,小学6年(5級),5級,小学6年
潮,漢字,N1,水,15,チョウ,しお・うしお,,小学6年(5級),5級,小学6年
激,漢字,N1,水,16,ゲキ,はげ（しい）,,小学6年(5級),5級,小学6年
演,漢字,N3,水,14,エン,-,,小学5年(６級),6級,小学5年
永,漢字,N2,水,5,エイ,なが（い）,,小学5年(６級),6級,小学5年
河,漢字,N2,水,8,カ,かわ,,小学5年(６級),6級,小学5年
液,漢字,N2,水,11,エキ,-,,小学5年(６級),6級,小学5年
混,漢字,N2,水,11,コン,ま（ざる）,,小学5年(６級),6級,小学5年
減,漢字,N2,水,12,ゲン,へ（る）,,小学5年(６級),6級,小学5年
測,漢字,N2,水,12,ソク,はか（る）,,小学5年(６級),6級,小学5年
準,漢字,N2,水,13,ジュン,-,,小学5年(６級),6級,小学5年
潔,漢字,N1,水,15,ケツ,いさぎよ（い）,,小学5年(６級),6級,小学5年
治,漢字,N3,水,8,ジ,なお（す）・おさ（める）,,小学4年(７級),7級,小学4年
求,漢字,N3,水,7,キュウ,もと（める）,,小学4年(７級),7級,小学4年
法,漢字,N3,水,8,ホウ,-,,小学4年(７級),7級,小学4年
満,漢字,N3,水,12,マン,み（たす）・み（ちる）,,小学4年(７級),7級,小学4年
浅,漢字,N2,水,9,-,あさ（い）,,小学4年(７級),7級,小学4年
浴,漢字,N2,水,10,ヨク,あ（びる）・あ（びせる）,,小学4年(７級),7級,小学4年
清,漢字,N2,水,11,セイ,きよ（める）・しず（まる）,,小学4年(７級),7級,小学4年
漁,漢字,N2,水,14,ギョ・リョウ,-,,小学4年(７級),7級,小学4年
沖,漢字,N1,水,7,チュウ,おき,,小学4年(７級),7級,小学4年
泣,漢字,N1,水,8,キュウ,な（く）,,小学4年(７級),7級,小学4年
滋,漢字,N1,水,12,シ・ジ,しげる・ます,,小学4年(７級),7級,小学4年
潟,漢字,N1,水,15,セキ,かた,,小学4年(７級),7級,小学4年
注,漢字,N4 ,水,8,チュウ,そそ（ぐ）,verb,小学3年(８級),8級,小学3年
漢,漢字,N4 ,水,13,カン,-,,小学3年(８級),8級,小学3年
洋,漢字,N4 ,水,9,ヨウ,-,,小学3年(８級),8級,小学3年
決,漢字,N3,水,7,ケツ,き（まる）・き（める）,,小学3年(８級),8級,小学3年
泳,漢字,N3,水,8,エイ,およ（ぐ）,,小学3年(８級),8級,小学3年
流,漢字,N3,水,10,リュウ,なが（れる）,,小学3年(８級),8級,小学3年
消,漢字,N3,水,10,ショウ,け（す）・き（える）,,小学3年(８級),8級,小学3年
港,漢字,N3,水,12,コウ,みなと,,小学3年(８級),8級,小学3年
氷,漢字,N2,水,5,ヒョウ,こおり,,小学3年(８級),8級,小学3年
油,漢字,N2,水,8,ユ,あぶら,,小学3年(８級),8級,小学3年
波,漢字,N2,水,8,ハ,なみ,,小学3年(８級),8級,小学3年
温,漢字,N2,水,12,オン,-,,小学3年(８級),8級,小学3年
湖,漢字,N2,水,12,コ,みずうみ,,小学3年(８級),8級,小学3年
湯,漢字,N2,水,12,トウ,ゆ,,小学3年(８級),8級,小学3年
深,漢字,N3,水,11,シン,ふか（い）,,小学3年(８級),8級,小学3年
海,漢字,N4 ,水,9,カイ,うみ,place,小学2年(９級),9級,小学2年
池,漢字,N4 ,水,6,チ,いけ,place,小学2年(９級),9級,小学2年
活,漢字,N4 ,水,9,カツ,い（きる）,,小学2年(９級),9級,小学2年
汽,漢字,N1,水,7,キ,-,,小学2年(９級),9級,小学2年
水,漢字,N5 ,水,4,スイ,みず,days & times,小学1年 (１０級),10級,小学1年
浮,漢字,N3,水,10,フ,う(く)・う(かぶ),,,,
渡,漢字,N3,水,12,ト,わた(る)・わた(す),,,,
汗,漢字,N2,水,6,カン,あせ,,,,
汚,漢字,N2,水,6,オ,よご(す)・きたな(い),,,,
沈,漢字,N2,水,7,チン,しず(む)・しず(める),,,,
沸,漢字,N2,水,8,フツ,わ（く）・わ（かす）,,,,
況,漢字,N2,水,8,キョウ,-,,,,
泊,漢字,N2,水,8,ハク,と(まる)・と(める),,,,
泥,漢字,N2,水,8,デイ,どろ,,,,
涙,漢字,N2,水,11,ルイ,なみだ,,,,
涼,漢字,N2,水,11,リョウ,すず(しい),,,,
湾,漢字,N2,水,12,ワン,-,,,,
湿,漢字,N2,水,12,シツ,しめ(る),,,,
溶,漢字,N2,水,13,ヨウ,と(ける)・と(かす),,,,
滴,漢字,N2,水,14,テキ,しずく・したた(る),,,,
濃,漢字,N2,水,13,ノウ,こ(い),,,,
濯,漢字,N2,水,17,タク,-,,,,
汁,漢字,N1,水,5,ジュウ,しる,,,,
江,漢字,N1,水,6,コウ,え,,,,
没,漢字,N1,水,7,ボツ,-,,,,
沢,漢字,N1,水,7,タク,さわ,,,,
沼,漢字,N1,水,8,ショウ,ぬま,,,,
泌,漢字,N1,水,8,ヒ、ヒツ,-,,,,
泡,漢字,N1,水,8,ホウ,あわ,,,,
泰,漢字,N1,水,10,タイ,-,,,,
洞,漢字,N1,水,9,ドウ,ほら,,,,
津,漢字,N1,水,9,シン,つ,,,,
洪,漢字,N1,水,9,コウ,-,,,,
浄,漢字,N1,水,9,ジョウ,きよ(める)・きよ(まる),,,,
浜,漢字,N1,水,10,ヒン,はま,,,,
浦,漢字,N1,水,10,ホ,うら,,,,
浪,漢字,N1,水,10,ロウ,-,,,,
浸,漢字,N1,水,10,シン,ひた(す)・ひた(る),,,,
涯,漢字,N1,水,11,ガイ,-,,,,
淑,漢字,N1,水,11,シュク,しと(やか),,,,
淡,漢字,N1,水,11,タン,あわ(い),,,,
添,漢字,N1,水,11,テン,そ(える) ・そ(う),,,,
渇,漢字,N1,水,11,カツ,かわ(く) ,,,,
渉,漢字,N1,水,11,ショウ,-,,,,
渋,漢字,N1,水,11,ジュウ,しぶ・しぶ(い)・しぶ(る),,,,
渓,漢字,N1,水,11,ケイ,-,,,,
渦,漢字,N1,水,12,カ,うず,,,,
溝,漢字,N1,水,13,コウ,みぞ,,,,
滅,漢字,N1,水,13,メツ,ほろ(びる)・ほろ(ぼす),,,,
滑,漢字,N1,水,12,カツ・コツ,すべ(る)・なめ(らか),,,,
滝,漢字,N1,水,13,ロウ,たき,,,,
滞,漢字,N1,水,13,タイ,とどこお(る),,,,
漂,漢字,N1,水,14,ヒョウ,たよ(よう),,,,
漆,漢字,N1,水,14,シツ,うるし,,,,
漏,漢字,N1,水,14,ロウ,も(れる)・も(らす),,,,
漠,漢字,N1,水,13,バク,-,,,,
漫,漢字,N1,水,14,マン,-,,,,
漬,漢字,N1,水,14,シ,つ(ける)・つ(かる),,,,
漸,漢字,N1,水,14,ゼン,やや,,,,
潜,漢字,N1,水,15,セン,ひそ(む)・もぐ(る),,,,
潤,漢字,N1,水,15,ジュン,うるお(う)・うるお(す)・うる(む),,,,
澄,漢字,N1,水,15,チョウ,す(む)・す(ます),,,,
濁,漢字,N1,水,16,ダク,にご(る)・にご(す),,,,
濫,漢字,N1,水,18,ラン,みだ(りに),,,,
瀬,漢字,N1,水,19,-,せ,,,,
専,漢字,N2,寸,9,セン,もっぱ（ら）,,小学6年(5級),5級,小学6年
将,漢字,N2,寸,10,ショウ,-,,小学6年(5級),5級,小学6年
尊,漢字,N2,寸,12,ソン,とうと（い）・たっと（い）,,小学6年(5級),5級,小学6年
寸,漢字,N1,寸,3,スン,-,,小学6年(5級),5級,小学6年
射,漢字,N1,寸,10,シャ,さ（す）・い（る）,,小学6年(5級),5級,小学6年
導,漢字,N2,寸,15,ドウ,みちびき・みちび（く）,,小学5年(６級),6級,小学5年
対,漢字,N3,寸,7,タイ・ツイ,-,,小学3年(８級),8級,小学3年
寺,漢字,N4 ,寸,6,ジ,てら,,小学2年(９級),9級,小学2年
封,漢字,N2,寸,9,フウ・ホウ,-,,,,
尉,漢字,N1,寸,11,イ,じょう,,,,
尋,漢字,N1,寸,12,ジン,たず(ねる),,,,
産,漢字,N4 ,生,11,サン,う（まれる）・う（む）,verb,小学4年(７級),7級,小学4年
生,漢字,N5 ,生,5,セイ・ショウ,い（きる）・う（まれる）・お（う）・は（える）・き・なま,people & school,小学1年 (１０級),10級,小学1年
静,漢字,N3,青,14,セイ,しず（か）・しず（まる）,,小学4年(７級),7級,小学4年
青,漢字,N4 ,青,8,セイ・ショウ,あお,adjective (color),小学1年 (１０級),10級,小学1年
砂,漢字,N2,石,9,サ・シャ,すな,,小学6年(5級),5級,小学6年
磁,漢字,N1,石,14,ジ,-,,小学6年(5級),5級,小学6年
破,漢字,N3,石,10,ハ,やぶ（れる）,,小学5年(６級),6級,小学5年
確,漢字,N3,石,15,カク,たし（かめる）,,小学5年(６級),6級,小学5年
研,漢字,N4 ,石,9,ケン,と（ぐ）,,小学3年(８級),8級,小学3年
石,漢字,N4 ,石,5,セキ・シャク・コク,いし,,小学1年 (１０級),10級,小学1年
硬,漢字,N2,石,12,コウ,かた(い),,,,
磨,漢字,N2,石,16,マ,みが(く),,,,
砕,漢字,N1,石,9,サイ,くだ(く)・くだ(ける),,,,
砲,漢字,N1,石,10,ホウ,-,,,,
硝,漢字,N1,石,12,ショウ,-,,,,
硫,漢字,N1,石,12,リュウ,-,,,,
碁,漢字,N1,石,13,ゴ,-,,,,
碑,漢字,N1,石,13,ヒ,いしぶみ,,,,
礁,漢字,N1,石,17,ショウ,-,,,,
礎,漢字,N1,石,18,ソ,いしずえ,,,,
赤,漢字,N4 ,赤,7,セキ・シャク,あか・あか（らめる）,adjective (color),小学1年 (１０級),10級,小学1年
赦,漢字,N1,赤,11,シャ,-,,,,
舌,漢字,N1,舌,6,ゼツ,した,,小学6年(5級),5級,小学6年
舎,漢字,N1,舌,8,シャ,-,,小学5年(６級),6級,小学5年
舗,漢字,N1,舌,15,ホ,-,,,,
舞,漢字,N3,舛,15,ブ,まい・ま(う),,,,
起,漢字,N4 ,走,10,キ,お（きる）・お（こす）・お（こる）,verb,小学3年(８級),8級,小学3年
走,漢字,N4 ,走,7,ソウ,はし（る）,verb,小学2年(９級),9級,小学2年
越,漢字,N3,走,12,エツ,こ(す)・こ(える),,,,
超,漢字,N2,走,12,チョウ,こ(える)・こ(す),,,,
赴,漢字,N1,走,9,フ,おもむ(く),,,,
趣,漢字,N1,走,15,シュ,おもむき・おもむ(く),,,,
路,漢字,N3,足,13,ロ,みち,,小学3年(８級),8級,小学3年
足,漢字,N5 ,足,7,ソク,た（りる）・た（す）・あし,body & face,小学1年 (１０級),10級,小学1年
跡,漢字,N2,足,13,セキ,あと,,,,
踊,漢字,N2,足,14,ヨウ,おど(る),,,,
距,漢字,N1,足,12,キョ,-,,,,
跳,漢字,N1,足,13,チョウ,と(ぶ),,,,
践,漢字,N1,足,13,セン,-,,,,
踏,漢字,N1,足,15,トウ,ふ(む)・ふ(まえる),,,,
躍,漢字,N1,足,21,ヤク,おど(る),,,,
奏,漢字,N1,大,9,ソウ,かな（でる）,,小学6年(5級),5級,小学6年
奮,漢字,N1,大,16,フン,ふる（う）,,小学6年(5級),5級,小学6年
夫,漢字,N3,大,4,フ,おっと,,小学4年(７級),7級,小学4年
失,漢字,N3,大,5,シツ,うしな（う）,,小学4年(７級),7級,小学4年
奈,漢字,,大,8,ナ,-,,小学4年(７級),7級,小学4年
央,漢字,N2,大,5,オウ,-,,小学3年(８級),8級,小学3年
太,漢字,N5 ,大,4,タイ・タ,ふと（い）,adjective (width),小学2年(９級),9級,小学2年
大,漢字,N5 ,大,3,タイ・ダイ,おお（きい）・おお（いに）,adjective (size),小学1年 (１０級),10級,小学1年
天,漢字,N5 ,大,4,テン,あま・あめ,nature & weather,小学1年 (１０級),10級,小学1年
奥,漢字,N3,大,12,オウ,おく,,,,
奇,漢字,N1,大,8,キ,あや(しい),,,,
奉,漢字,N1,大,8,ホウ・ブ,たてまつる,,,,
契,漢字,N1,大,9,ケイ,ちぎ(る),,,,
奔,漢字,N1,大,8,ホン,はし(る),,,,
奨,漢字,N1,大,13,ショウ,すす(める),,,,
奪,漢字,N1,大,14,ダツ,うば(う),,,,
農,漢字,N2,辰,13,ノウ,-,,小学3年(８級),8級,小学3年
辱,漢字,N1,辰,10,ジョク,はずかし(める),,,,
谷,漢字,N2,谷,7,コク,たに,,小学2年(９級),9級,小学2年
簡,漢字,N2,竹,18,カン,-,,小学6年(5級),5級,小学6年
筋,漢字,N1,竹,12,キン,すじ,,小学6年(5級),5級,小学6年
策,漢字,N1,竹,12,サク,-,,小学6年(5級),5級,小学6年
築,漢字,N2,竹,16,チク,きず（く）,,小学5年(６級),6級,小学5年
笑,漢字,N3,竹,10,-,わら（う）,,小学4年(７級),7級,小学4年
管,漢字,N2,竹,14,カン,くだ,,小学4年(７級),7級,小学4年
節,漢字,N1,竹,13,セツ・セチ,ふし,,小学4年(７級),7級,小学4年
等,漢字,N3,竹,12,トウ,ひと（しい）,,小学3年(８級),8級,小学3年
箱,漢字,N3,竹,15,-,はこ,,小学3年(８級),8級,小学3年
筆,漢字,N2,竹,12,ヒツ,ふで,,小学3年(８級),8級,小学3年
笛,漢字,N1,竹,11,テキ,ふえ,,小学3年(８級),8級,小学3年
第,漢字,N1,竹,11,ダイ,-,,小学3年(８級),8級,小学3年
答,漢字,N4 ,竹,12,トウ,こた（える）,verb,小学2年(９級),9級,小学2年
算,漢字,N2,竹,14,サン,-,,小学2年(９級),9級,小学2年
竹,漢字,N2,竹,6,チク,たけ,,小学1年 (１０級),10級,小学1年
符,漢字,N2,竹,11,フ,-,,,,
筒,漢字,N2,竹,12,トウ,つつ,,,,
籍,漢字,N2,竹,20,セキ,-,,,,
箇,漢字,N1,竹,14,カ,-,,,,
範,漢字,N1,竹,15,ハン,-,,,,
篤,漢字,N1,竹,16,トク,あつ(い),,,,
簿,漢字,N1,竹,19,ボ,-,,,,
蚕,漢字,N1,虫,10,サン,かいこ,,小学6年(5級),5級,小学6年
虫,漢字,N3,虫,6,チュウ,むし,,小学1年 (１０級),10級,小学1年
蚊,漢字,N1,虫,10,ブン,か,,,,
蛇,漢字,N1,虫,11,ジャ・ダ,へび,,,,
蛍,漢字,N1,虫,11,ケイ,ほたる,,,,
蛮,漢字,N1,虫,12,バン,-,,,,
融,漢字,N1,虫,16,ユウ,と(ける)・と(かす),,,,
長,漢字,N5 ,長,8,チョウ,なが（い）,adjective (length),小学2年(９級),9級,小学2年
鳥,漢字,N4 ,鳥,11,チョウ,とり,animal,小学2年(９級),9級,小学2年
鳴,漢字,N4 ,鳥,14,メイ,な（く）,verb,小学2年(９級),9級,小学2年
鶏,漢字,N1,鳥,18,ケイ,にわとり,,,,
爵,漢字,N1,爪,17,シャク,-,,,,
異,漢字,N1,田,11,イ,こと（なる）,,小学6年(5級),5級,小学6年
留,漢字,N3,田,10,リュウ・ル,と（める）,,小学5年(６級),6級,小学5年
略,漢字,N2,田,11,リャク,-,,小学5年(６級),6級,小学5年
界,漢字,N4 ,田,9,カイ,-,place,小学3年(８級),8級,小学3年
由,漢字,N3,田,5,ユウ,ゆえ,,小学3年(８級),8級,小学3年
申,漢字,N3,田,5,シン,もう（す）,,小学3年(８級),8級,小学3年
畑,漢字,,田,9,ハタ,はたけ,,小学3年(８級),8級,小学3年
画,漢字,N4 ,田,8,ガ・ガク,えが（く）・かく,verb,小学2年(９級),9級,小学2年
番,漢字,N4 ,田,12,バン,-,,小学2年(９級),9級,小学2年
男,漢字,N5 ,田,7,ダン・ナン,おとこ,people & school,小学1年 (１０級),10級,小学1年
町,漢字,N4 ,田,7,チョウ,まち,place,小学1年 (１０級),10級,小学1年
田,漢字,N4 ,田,5,デン,た,place,小学1年 (１０級),10級,小学1年
畜,漢字,N2,田,10,チク,-,,,,
畳,漢字,N2,田,12,ジョウ,たたみ・たた(む),,,,
甲,漢字,N1,田,5,コウ・カン,-,,,,
畔,漢字,N1,田,10,ハン,あぜ,,,,
畝,漢字,N1,田,10,ボウ・ホ,うね,,,,
料,漢字,N4 ,斗,10,リョウ,-,,小学4年(７級),7級,小学4年
斗,漢字,N1,斗,4,ト,-,,,,
斜,漢字,N1,斗,11,シャ,なな(め),,,,
域,漢字,N2,土,11,イキ,-,,小学6年(5級),5級,小学6年
垂,漢字,N1,土,8,スイ,た（れる）,,小学6年(5級),5級,小学6年
堂,漢字,N4 ,土,11,ドウ,-,place,小学5年(６級),6級,小学5年
在,漢字,N3,土,6,ザイ,あ（る）,,小学5年(６級),6級,小学5年
報,漢字,N3,土,12,ホウ,むく（いる）,,小学5年(６級),6級,小学5年
増,漢字,N3,土,14,ゾウ,ふ（える）・ま（す）,,小学5年(６級),6級,小学5年
圧,漢字,N2,土,5,アツ,-,,小学5年(６級),6級,小学5年
均,漢字,N2,土,7,キン,-,,小学5年(６級),6級,小学5年
型,漢字,N2,土,9,ケイ,かた,,小学5年(６級),6級,小学5年
境,漢字,N2,土,14,キョウ・ケイ,さかい,,小学5年(６級),6級,小学5年
基,漢字,N1,土,11,キ,もと・もとい,,小学5年(６級),6級,小学5年
墓,漢字,N1,土,13,ボ,はか,,小学5年(６級),6級,小学5年
城,漢字,N2,土,9,ジョウ,しろ,,小学4年(７級),7級,小学4年
埼,漢字,,土,11,-,さい,,小学4年(７級),7級,小学4年
坂,漢字,N2,土,7,-,さか,,小学3年(８級),8級,小学3年
場,漢字,N4 ,土,12,ジョウ,ば,place,小学2年(９級),9級,小学2年
地,漢字,N4 ,土,6,チ・ジ,-,place,小学2年(９級),9級,小学2年
土,漢字,N5 ,土,3,ド・ト,つち,days & times,小学1年 (１０級),10級,小学1年
埋,漢字,N3,土,10,マイ,う(める)・う(まる),,,,
塗,漢字,N2,土,13,ト,ぬ(る),,,,
塔,漢字,N2,土,12,トウ,-,,,,
坑,漢字,N1,土,7,コウ,-,,,,
坪,漢字,N1,土,8,ヘイ,つぼ,,,,
垣,漢字,N1,土,9,エン,かき,,,,
執,漢字,N1,土,11,シツ・シュ,と(る),,,,
培,漢字,N1,土,11,バイ,つちか(う),,,,
堀,漢字,N1,土,11,クツ・コツ,ほり,,,,
堅,漢字,N1,土,12,ケン,かた(い),,,,
堕,漢字,N1,土,12,ダ,お(ちる),,,,
堤,漢字,N1,土,12,テイ,つつみ,,,,
堪,漢字,N1,土,12,カン,た(える),,,,
塀,漢字,N1,土,12,ヘイ,-,,,,
塁,漢字,N1,土,12,ルイ,-,,,,
塊,漢字,N1,土,13,カイ,かたまり,,,,
塑,漢字,N1,土,13,ソ,-,,,,
塚,漢字,N1,土,12,-,つか,,,,
塾,漢字,N1,土,14,ジュク,-,,,,
墜,漢字,N1,土,15,ツイ,お(ちる),,,,
墨,漢字,N1,土,14,ボク,すみ,,,,
墳,漢字,N1,土,15,フン,-,,,,
墾,漢字,N1,土,16,コン,ひらく・は(る),,,,
壁,漢字,N1,土,16,ヘキ,かべ,,,,
壇,漢字,N1,土,16,ダン・タン,-,,,,
壊,漢字,N1,土,16,カイ,こわ(す)・こわ(れる),,,,
壌,漢字,N1,土,16,ジョウ,-,,,,
塩,漢字,N2,土,13,エン,しお,,小学4年(７級),7級,小学4年
割,漢字,N3,刀,12,カツ,わ（る）・わり・さ（く）,verb,小学6年(5級),5級,小学6年
刻,漢字,N3,刀,8,コク,きざ（む）,,小学6年(5級),5級,小学6年
券,漢字,N2,刀,8,ケン,-,,小学6年(5級),5級,小学6年
劇,漢字,N2,刀,15,ゲキ,-,,小学6年(5級),5級,小学6年
創,漢字,N1,刀,12,ソウ,つく（る）,,小学6年(5級),5級,小学6年
判,漢字,N3,刀,7,ハン・バン,-,verb,小学5年(６級),6級,小学5年
制,漢字,N3,刀,8,セイ,-,verb,小学5年(６級),6級,小学5年
刊,漢字,N2,刀,5,カン,-,,小学5年(６級),6級,小学5年
則,漢字,N2,刀,9,ソク,-,,小学5年(６級),6級,小学5年
別,漢字,N4 ,刀,7,ベツ,わか（れ）,adjective (),小学4年(７級),7級,小学4年
初,漢字,N3,刀,7,ショ,はつ・はじ（め）,,小学4年(７級),7級,小学4年
利,漢字,N3,刀,7,リ,-,,小学4年(７級),7級,小学4年
刷,漢字,N2,刀,8,サツ,す（る）,,小学4年(７級),7級,小学4年
副,漢字,N2,刀,11,フク,-,,小学4年(７級),7級,小学4年
列,漢字,N3,刀,6,レツ,-,,小学3年(８級),8級,小学3年
分,漢字,N5 ,刀,4,ブン・ブ・フン,わ（ける）,days & times,小学2年(９級),9級,小学2年
前,漢字,N5 ,刀,9,ゼン,まえ,position & direction,小学2年(９級),9級,小学2年
切,漢字,N4 ,刀,4,セツ,き（る）,verb,小学2年(９級),9級,小学2年
刀,漢字,N1,刀,2,トウ,かたな,,小学2年(９級),9級,小学2年
到,漢字,N3,刀,8,トウ,いたる,verb,,,
刺,漢字,N3,刀,8,シ,さ(す)・さ(さる),,,,
刃,漢字,N1,刀,3,ジン,は,,,,
刈,漢字,N1,刀,4,ガイ,か(る),,,,
刑,漢字,N1,刀,6,ケイ,-,,,,
削,漢字,N1,刀,9,サク,けず(る),,,,
剖,漢字,N1,刀,10,ボウ,-,,,,
剛,漢字,N1,刀,10,ゴウ,-,,,,
剣,漢字,N1,刀,10,ケン,つるぎ,,,,
剤,漢字,N1,刀,10,ザイ,-,,,,
剰,漢字,N1,刀,11,ジョウ,-,,,,
豊,漢字,N2,豆,13,ホウ,ゆたか,,小学5年(６級),6級,小学5年
豆,漢字,N1,豆,7,トウ・ズ,まめ,,小学3年(８級),8級,小学3年
酸,漢字,N1,酉,14,サン,す（い）,,小学5年(６級),6級,小学5年
配,漢字,N3,酉,10,ハイ,くば（る）,,小学3年(８級),8級,小学3年
酒,漢字,N3,酉,10,シュ,さけ・さか,,小学3年(８級),8級,小学3年
酌,漢字,N1,酉,10,シャク,く(む),,,,
酔,漢字,N1,酉,11,スイ,よ(う),,,,
酢,漢字,N1,酉,12,サク,す,,,,
酪,漢字,N1,酉,13,ラク,-,,,,
酬,漢字,N1,酉,13,シュウ,むく(いる)　　,,,,
酵,漢字,N1,酉,14,コウ,-,,,,
酷,漢字,N1,酉,14,コク,むご(い)・ひど(い),,,,
醜,漢字,N1,酉,17,シュウ,みみにく(い),,,,
醸,漢字,N1,酉,20,ジョウ,かも(す),,,,
井,漢字,N1,二,4,-,い,,小学4年(７級),7級,小学4年
二,漢字,N5 ,二,2,二,ふた（つ）,numbers,小学1年 (１０級),10級,小学1年
五,漢字,N5 ,二,4,ゴ,いつ（つ）,numbers,小学1年 (１０級),10級,小学1年
弐,漢字,N1,二,6,ニ,ふた・ふたつ,,,,
互,漢字,N3,二,4,ゴ,たが(いに),,,,
亜,漢字,N1,二,7,ア,-,,,,
背,漢字,N3,肉,9,ハイ,せ・そむ（く）,,小学6年(5級),5級,小学6年
腹,漢字,N3,肉,13,フク,はら,,小学6年(5級),5級,小学6年
胃,漢字,N2,肉,9,イ,-,,小学6年(5級),5級,小学6年
胸,漢字,N2,肉,10,キョウ,むね,,小学6年(5級),5級,小学6年
脳,漢字,N2,肉,11,ノウ,のう（みそ）,,小学6年(5級),5級,小学6年
臓,漢字,N2,肉,19,ゾウ,-,,小学6年(5級),5級,小学6年
肺,漢字,N1,肉,9,ハイ,はい,,小学6年(5級),5級,小学6年
腸,漢字,N1,肉,13,チョウ,-,,小学6年(5級),5級,小学6年
能,漢字,N3,肉,10,ノウ,-,,小学5年(６級),6級,小学5年
肥,漢字,N1,肉,8,ヒ,こ（やし）・こ（える）,,小学5年(６級),6級,小学5年
脈,漢字,N1,肉,10,ミャク,-,,小学5年(６級),6級,小学5年
育,漢字,N3,肉,8,イク,そだ（てる）・はぐ（くむ）,,小学3年(８級),8級,小学3年
肉,漢字,N4 ,肉,6,ニク,-,Food,小学2年(９級),9級,小学2年
肌,漢字,N2,肉,6,キ,はだ,,,,
肩,漢字,N2,肉,8,ケン,かた,,,,
肯,漢字,N2,肉,8,コウ,-,,,,
脂,漢字,N2,肉,10,シ,あぶら,,,,
腕,漢字,N2,肉,12,ワン,うで,,,,
腰,漢字,N2,肉,13,ヨウ,こし,,,,
膚,漢字,N2,肉,15,フ,はだ,,,,
肖,漢字,N1,肉,7,ショウ,あやか(る),,,,
肝,漢字,N1,肉,7,カン,きも,,,,
肢,漢字,N1,肉,8,シ,-,,,,
肪,漢字,N1,肉,8,ボウ,-,,,,
胆,漢字,N1,肉,9,タン,きも,,,,
胎,漢字,N1,肉,9,タイ,-,,,,
胞,漢字,N1,肉,9,ホウ,-,,,,
胴,漢字,N1,肉,10,ドウ,-,,,,
脅,漢字,N1,肉,10,キョウ,おびや(かす)・おど(かす)・おど(す),,,,
脚,漢字,N1,肉,11,キャク・キャ,あし,,,,
脱,漢字,N1,肉,11,ダツ,ぬ(ぐ)・ぬ(げる),,,,
脹,漢字,N1,肉,12,チョウ,ふく(らむ)・ふく(れる),,,,
腐,漢字,N1,肉,14,フ,くさ(る)・くさ(らす),,,,
膜,漢字,N1,肉,14,マク,-,,,,
膨,漢字,N1,肉,16,ボウ,ふく(らむ)・ふく(れる),,,,
映,漢字,N4 ,日,9,エイ,うつ（す）・は（える）,,小学6年(5級),5級,小学6年
晩,漢字,N3,日,12,バン,-,,小学6年(5級),5級,小学6年
暮,漢字,N3,日,14,ボ,く（らす）,,小学6年(5級),5級,小学6年
暖,漢字,N1,日,13,ダン・ノン,あたた（かい）・あたた（まる）,,小学6年(5級),5級,小学6年
易,漢字,N3,日,8,イ・エキ,やさ（しい）,,小学5年(６級),6級,小学5年
旧,漢字,N2,日,5,キュウ,-,,小学5年(６級),6級,小学5年
暴,漢字,N2,日,15,ボウ,あば（れる）・あば（く）,,小学5年(６級),6級,小学5年
昨,漢字,N3,日,9,サク,-,,小学4年(７級),7級,小学4年
景,漢字,N3,日,12,ケイ,-,,小学4年(７級),7級,小学4年
暗,漢字,N4 ,日,13,アン,くら（い）,adjective (),小学3年(８級),8級,小学3年
暑,漢字,N4 ,日,12,ショ,あつ（い）,adjective (),小学3年(８級),8級,小学3年
昔,漢字,N3,日,8,セキ・ジャク,むかし,,小学3年(８級),8級,小学3年
昭,漢字,N1,日,9,ショウ,-,,小学3年(８級),8級,小学3年
明,漢字,N4 ,日,8,メイ・ミョウ,あか（るい）・あか（り）・あき（らか）・あ（かす）・あ（く）,adjective (),小学2年(９級),9級,小学2年
時,漢字,N5 ,日,10,ジ,とき,days & times,小学2年(９級),9級,小学2年
昼,漢字,N4 ,日,9,チュウ,ひる,days & times,小学2年(９級),9級,小学2年
曜,漢字,N4 ,日,18,ヨウ,-,days & times,小学2年(９級),9級,小学2年
晴,漢字,N4 ,日,12,セイ,は（れる）,nature & weather,小学2年(９級),9級,小学2年
春,漢字,N4 ,日,9,シュン,はる,seasons,小学2年(９級),9級,小学2年
星,漢字,N2,日,9,セイ・ショウ,ほし,,小学2年(９級),9級,小学2年
早,漢字,N4 ,日,6,ソウ・サッ,はや（い）・はや（まる）,adjective (),小学1年 (１０級),10級,小学1年
日,漢字,N5 ,日,4,ニチ・ジツ,ひ・か,days & times,小学1年 (１０級),10級,小学1年
昇,漢字,N2,日,8,ショウ,のぼ(る),,,,
普,漢字,N2,日,12,フ,-,,,,
曇,漢字,N2,日,16,ドン,くも(る)・くも(り),,,,
旨,漢字,N1,日,6,シ,むね・うま(い),,,,
旬,漢字,N1,日,6,ジュン・シュン,-,,,,
昆,漢字,N1,日,8,コン,-,,,,
是,漢字,N1,日,9,ゼ,これ,,,,
晶,漢字,N1,日,12,ショウ,-,,,,
暁,漢字,N1,日,12,ギョウ,あかつき,,,,
暇,漢字,N1,日,13,カ,ひま,,,,
暦,漢字,N1,日,14,レキ,こよみ,,,,
暫,漢字,N1,日,15,ザン,しばら(く),,,,
全,漢字,N3,入,6,ゼン,まった（く）・すべ（て）,,小学3年(８級),8級,小学3年
内,漢字,N5 ,入,4,ダイ・ナイ,うち,adjective (range),小学2年(９級),9級,小学2年
入,漢字,N5 ,入,2,ニュウ,はい（る）・い（れる）,verb,小学1年 (１０級),10級,小学1年
験,漢字,N4 ,馬,18,ケン,-,verb,小学4年(７級),7級,小学4年
駅,漢字,N5 ,馬,14,エキ,-,transportation,小学3年(８級),8級,小学3年
馬,漢字,N4 ,馬,10,バ,うま・ま,,小学2年(９級),9級,小学2年
駐,漢字,N2,馬,15,チュウ,-,,,,
駄,漢字,N1,馬,14,ダ・タ,-,,,,
駆,漢字,N1,馬,14,ク,か(ける)・か(る),,,,
騎,漢字,N1,馬,18,キ,-,,,,
騒,漢字,N1,馬,18,ソウ,さわ(ぐ),,,,
騰,漢字,N1,馬,20,トウ,-,,,,
驚,漢字,N1,馬,22,キョウ,おどろ(く)・おどろ(かす),,,,
皇,漢字,N1,白,9,コウ・オウ,-,,小学6年(5級),5級,小学6年
的,漢字,N4 ,白,8,テキ,まと,,小学4年(７級),7級,小学4年
白,漢字,N5 ,白,5,ハク・ビャク,しろ（い）・しろ・しら,adjective (color),小学1年 (１０級),10級,小学1年
百,漢字,N5 ,白,6,ヒャク,-,numbers,小学1年 (１０級),10級,小学1年
皆,漢字,N3,白,9,カイ,みな,,,,
麦,漢字,N4 ,麦,7,バク,むぎ,,小学2年(９級),9級,小学2年
共,漢字,N3,八,6,キョウ,とも,,小学4年(７級),7級,小学4年
兵,漢字,N2,八,7,ヘイ・ヒョウ,-,,小学4年(７級),7級,小学4年
典,漢字,N1,八,8,テン,-,,小学4年(７級),7級,小学4年
具,漢字,N3,八,8,グ,-,,小学3年(８級),8級,小学3年
公,漢字,N4 ,八,4,コウ・ク,おおやけ,,小学2年(９級),9級,小学2年
六,漢字,N5 ,八,4,ロク,むっ（つ）・む・むい,numbers,小学1年 (１０級),10級,小学1年
八,漢字,N5 ,八,2,ハチ,やっ（つ）・や,numbers,小学1年 (１０級),10級,小学1年
兼,漢字,N1,八,10,ケン,か(ねる),,,,
釈,漢字,N1,釆,11,シャク,-,,,,
比,漢字,N2,比,5,ヒ,くら（べる）,,小学5年(６級),6級,小学5年
皮,漢字,N2,皮,5,ヒ・ピ,かわ,,小学3年(８級),8級,小学3年
非,漢字,N3,非,8,ヒ,-,,小学5年(６級),6級,小学5年
飛,漢字,,飛,9,ヒ,と（ぶ）・と（ばす）,,小学4年(７級),7級,小学4年
鼻,漢字,N2,鼻,14,ビ,はな,,小学3年(８級),8級,小学3年
疑,漢字,N3,疋,14,ギ,うたが（う）,,小学6年(5級),5級,小学6年
疎,漢字,N1,疋,12,ソ,うと・い、うと・む、まば・ら,,,,
父,漢字,N5 ,父,4,フ,ちち,people & school,小学2年(９級),9級,小学2年
降,漢字,N3,阜,10,コウ,お（りる）・ふ（る）,,小学6年(5級),5級,小学6年
除,漢字,N3,阜,10,ジョ・ジ,のぞ（く）,,小学6年(5級),5級,小学6年
陛,漢字,N1,阜,10,ヘイ,-,,小学6年(5級),5級,小学6年
障,漢字,N1,阜,14,ショウ,さわ（る）,,小学6年(5級),5級,小学6年
限,漢字,N3,阜,9,ゲン,かぎ（る）,,小学5年(６級),6級,小学5年
険,漢字,N3,阜,11,ケン,けわ（しい）,,小学5年(６級),6級,小学5年
際,漢字,N3,阜,14,サイ,きわ・ぎわ,,小学5年(６級),6級,小学5年
防,漢字,N2,阜,7,ボウ,ふせ（ぐ）,,小学5年(６級),6級,小学5年
阪,漢字,N3,阜,7,ハン,さか,,小学4年(７級),7級,小学4年
陸,漢字,N2,阜,11,リク,-,,小学4年(７級),7級,小学4年
隊,漢字,N1,阜,12,タイ,-,,小学4年(７級),7級,小学4年
阜,漢字,,阜,8,フ,-,,小学4年(７級),7級,小学4年
院,漢字,N4 ,阜,10,イン,-,place,小学3年(８級),8級,小学3年
陽,漢字,N3,阜,12,ヨウ,-,,小学3年(８級),8級,小学3年
階,漢字,N2,阜,12,カイ,-,,小学3年(８級),8級,小学3年
隅,漢字,N2,阜,12,グウ,すみ,,,,
阻,漢字,N1,阜,8,ソ,はば(む),,,,
附,漢字,N1,阜,8,フ,つ(ける)・つ(く),,,,
陣,漢字,N1,阜,10,ジン,-,,,,
陥,漢字,N1,阜,10,カン,おちい(る)・おとしい(れる),,,,
陪,漢字,N1,阜,11,バイ,-,,,,
陰,漢字,N1,阜,11,イン,かげ・かげ(る),,,,
陳,漢字,N1,阜,11,チン,-,,,,
陵,漢字,N1,阜,11,リョウ,みささぎ,,,,
陶,漢字,N1,阜,11,トウ,-,,,,
隆,漢字,N1,阜,11,リュウ,-,,,,
随,漢字,N1,阜,12,スイ,まにま(に),,,,
隔,漢字,N1,阜,13,カク,へだ(てる)・へだ(たる),,,,
隠,漢字,N1,阜,14,イン,かく(れる)・かく(す),,,,
隣,漢字,N1,阜,16,リン,となり・とな(る),,,,
風,漢字,N4 ,風,9,フウ,かぜ・かざ,nature & weather,小学2年(９級),9級,小学2年
文,漢字,N4 ,文,4,ブン・モン,ふみ,,小学1年 (１０級),10級,小学1年
糖,漢字,N1,米,16,トウ,-,,小学6年(5級),5級,小学6年
精,漢字,N3,米,14,セイ・ショウ,-,,小学5年(６級),6級,小学5年
粉,漢字,N2,米,10,フン,こな・こ,,小学5年(６級),6級,小学5年
米,漢字,N4 ,米,6,ベイ,こめ,,小学2年(９級),9級,小学2年
粒,漢字,N2,米,11,リュウ,つぶ,,,,
粋,漢字,N1,米,10,スイ,いき,,,,
粗,漢字,N1,米,11,ソ,あら(い),,,,
粘,漢字,N1,米,11,ネン,ねば(る),,,,
糧,漢字,N1,米,18,リョウ、ロウ,かて,,,,
頂,漢字,N3,頁,11,チョウ,いただ（く）・いただき,,小学6年(5級),5級,小学6年
預,漢字,N2,頁,13,ヨ,あず（ける）・あず（かる）,,小学6年(5級),5級,小学6年
領,漢字,N2,頁,14,リョウ,-,,小学5年(６級),6級,小学5年
額,漢字,N2,頁,18,ガク,ひたい,,小学5年(６級),6級,小学5年
願,漢字,N3,頁,19,ガン,ねが（い）,,小学4年(７級),7級,小学4年
類,漢字,N3,頁,18,ルイ,たぐ（い）,,小学4年(７級),7級,小学4年
順,漢字,N2,頁,12,ジュン,-,,小学4年(７級),7級,小学4年
題,漢字,N4 ,頁,18,ダイ,-,,小学3年(８級),8級,小学3年
顔,漢字,N4 ,頁,18,ガン,かお,body & face,小学2年(９級),9級,小学2年
頭,漢字,N4 ,頁,16,トウ・ズ,あたま・かしら,body & face,小学2年(９級),9級,小学2年
頼,漢字,N3,頁,16,ライ,たの(む)・たよ(る),,,,
項,漢字,N1,頁,12,コウ,うなじ,,,,
頑,漢字,N1,頁,13,ガン,かたくな,,,,
頒,漢字,N1,頁,13,ハン,-,,,,
頻,漢字,N1,頁,16,ヒン,しき(りに),,,,
顕,漢字,N1,頁,18,ケン,あらわ(れる)・あらわ(す),,,,
顧,漢字,N1,頁,21,コ,かえり(みる),,,,
片,漢字,N2,片,4,ヘン,かた,,小学6年(5級),5級,小学6年
版,漢字,N2,片,8,ハン,-,,小学5年(６級),6級,小学5年
旗,漢字,N1,方,14,キ,はた,,小学4年(７級),7級,小学4年
族,漢字,N4 ,方,11,ゾク,-,people,小学3年(８級),8級,小学3年
旅,漢字,N4 ,方,10,リョ,たび,,小学3年(８級),8級,小学3年
方,漢字,N4 ,方,4,ホウ,かた,,小学2年(９級),9級,小学2年
施,漢字,N1,方,9,シ・セ,ほどこ(す),,,,
旋,漢字,N1,方,11,セン,-,,,,
占,漢字,N3,卜,5,セン,し(める)・うらな(う),,,,
麻,漢字,N1,麻,11,マ,あさ,,,,
反,漢字,N3,又,4,ハン,-,verb,小学3年(８級),8級,小学3年
取,漢字,N3,又,8,シュ,と（る）,verb,小学3年(８級),8級,小学3年
受,漢字,N3,又,8,ジュ,う（ける）・う（かる）,verb,小学3年(８級),8級,小学3年
友,漢字,N5 ,又,4,ユウ,とも,people & school,小学2年(９級),9級,小学2年
双,漢字,N2,又,4,ソウ,ふた,,,,
又,漢字,N1,又,2,-,また,,,,
及,漢字,N1,又,3,キュウ,およ(ぶ)・およ(ぼす),,,,
叔,漢字,N1,又,8,シュク,-,,,,
叙,漢字,N1,又,9,ジョ,-,,,,
矛,漢字,N1,矛,5,ム,ほこ,,,,
面,漢字,N3,面,9,メン,-,,小学3年(８級),8級,小学3年
毛,漢字,N3,毛,4,モウ,け,,小学2年(９級),9級,小学2年
権,漢字,N3,木,15,ケン・ゴン,-,,小学6年(5級),5級,小学6年
机,漢字,N2,木,6,キ,つくえ,,小学6年(5級),5級,小学6年
枚,漢字,N2,木,8,マイ・バイ,ひら,,小学6年(5級),5級,小学6年
棒,漢字,N2,木,12,ボウ,-,,小学6年(5級),5級,小学6年
染,漢字,N1,木,9,セン,そ（める）・し（みる）,,小学6年(5級),5級,小学6年
株,漢字,N1,木,10,シュ,かぶ,,小学6年(5級),5級,小学6年
模,漢字,N1,木,14,モ・ボ,-,,小学6年(5級),5級,小学6年
樹,漢字,N1,木,16,ジュ,き,,小学6年(5級),5級,小学6年
格,漢字,N3,木,10,カク・コウ,-,,小学5年(６級),6級,小学5年
構,漢字,N3,木,14,コウ,かま（う）,,小学5年(６級),6級,小学5年
枝,漢字,N2,木,8,シ,えだ,,小学5年(６級),6級,小学5年
査,漢字,N2,木,9,サ,-,,小学5年(６級),6級,小学5年
条,漢字,N1,木,7,ジョウ,-,,小学5年(６級),6級,小学5年
桜,漢字,N1,木,10,オウ,さくら,,小学5年(６級),6級,小学5年
検,漢字,N1,木,12,ケン,-,,小学5年(６級),6級,小学5年
末,漢字,N3,木,5,マツ,すえ,,小学4年(７級),7級,小学4年
未,漢字,N3,木,5,ミ,-,,小学4年(７級),7級,小学4年
束,漢字,N3,木,7,ソク,たば,,小学4年(７級),7級,小学4年
果,漢字,N3,木,8,カ,は（てる）・は（たす）,,小学4年(７級),7級,小学4年
機,漢字,N3,木,16,キ,-,,小学4年(７級),7級,小学4年
札,漢字,N2,木,5,サツ,ふだ,,小学4年(７級),7級,小学4年
材,漢字,N2,木,7,ザイ,-,,小学4年(７級),7級,小学4年
栄,漢字,N2,木,9,エイ,さか（える）,,小学4年(７級),7級,小学4年
械,漢字,N2,木,11,カイ,-,,小学4年(７級),7級,小学4年
極,漢字,N2,木,12,キョク,きわ（める）,,小学4年(７級),7級,小学4年
松,漢字,N1,木,8,ショウ,まつ,,小学4年(７級),7級,小学4年
案,漢字,N1,木,10,アン,-,,小学4年(７級),7級,小学4年
梅,漢字,N1,木,10,バイ,うめ,,小学4年(７級),7級,小学4年
標,漢字,N1,木,15,ヒョウ,-,,小学4年(７級),7級,小学4年
栃,漢字,,木,9,-,とち,,小学4年(７級),7級,小学4年
梨,漢字,,木,11,-,なし,,小学4年(７級),7級,小学4年
業,漢字,N4 ,木,13,ギョウ・ゴウ,わざ,,小学3年(８級),8級,小学3年
様,漢字,N3,木,14,ヨウ,さま,,小学3年(８級),8級,小学3年
横,漢字,N3,木,15,オウ,よこ,,小学3年(８級),8級,小学3年
板,漢字,N2,木,8,バン・パン,いた,,小学3年(８級),8級,小学3年
柱,漢字,N2,木,9,チュウ,はしら,,小学3年(８級),8級,小学3年
根,漢字,N2,木,10,コン,ね,,小学3年(８級),8級,小学3年
植,漢字,N2,木,12,ショク,う（える）,,小学3年(８級),8級,小学3年
橋,漢字,N2,木,16,キョウ,はし,,小学3年(８級),8級,小学3年
東,漢字,N5 ,木,8,トウ,ひがし,position & direction,小学2年(９級),9級,小学2年
楽,漢字,N4 ,木,13,ラク・ガク,たの（しい）,,小学2年(９級),9級,小学2年
木,漢字,N5 ,木,4,ボク・モク,き・こ,days & times,小学1年 (１０級),10級,小学1年
校,漢字,N5 ,木,10,コウ,-,people & school,小学1年 (１０級),10級,小学1年
本,漢字,N5 ,木,5,ホン,もと,people & school,小学1年 (１０級),10級,小学1年
村,漢字,N4 ,木,7,ソン,むら,place,小学1年 (１０級),10級,小学1年
森,漢字,N4 ,木,12,シン,もり,place,小学1年 (１０級),10級,小学1年
林,漢字,N4 ,木,8,リン,はやし,place,小学1年 (１０級),10級,小学1年
杯,漢字,N3,木,8,ハイ,さかずき,,,,
枯,漢字,N2,木,9,コ,か(れる)・か(らす),,,,
柔,漢字,N2,木,9,ジュウ・ニュウ,やわ(らかい),,,,
朱,漢字,N1,木,6,シュ,あか,,,,
朴,漢字,N1,木,6,ボク,-,,,,
朽,漢字,N1,木,6,キュウ,く(ちる),,,,
杉,漢字,N1,木,7,サン,すぎ,,,,
析,漢字,N1,木,8,セキ,-,,,,
枠,漢字,N1,木,8,-,わく,,,,
枢,漢字,N1,木,8,スウ,とぼそ ,,,,
架,漢字,N1,木,9,カ,か(ける)・か(かる),,,,
柄,漢字,N1,木,9,ヘイ,え・がら,,,,
某,漢字,N1,木,9,ボウ,それがし,,,,
柳,漢字,N1,木,9,リュウ,やなぎ,,,,
栓,漢字,N1,木,10,セン,-,,,,
核,漢字,N1,木,10,カク,-,,,,
栽,漢字,N1,木,12,サイ,た(つ)・さば(く),,,,
桃,漢字,N1,木,10,トウ,もも,,,,
桑,漢字,N1,木,10,ソウ,くわ,,,,
桟,漢字,N1,木,10,サン,-,,,,
棄,漢字,N1,木,13,キ,す(てる),,,,
棋,漢字,N1,木,12,キ,-,,,,
棚,漢字,N1,木,12,ホウ,たな,,,,
棟,漢字,N1,木,12,トウ,むね,,,,
棺,漢字,N1,木,12,カン,-,,,,
楼,漢字,N1,木,13,ロウ,-,,,,
概,漢字,N1,木,14,ガイ,おおむ(ね),,,,
槽,漢字,N1,木,15,ソウ,-,,,,
欄,漢字,N1,木,20,ラン,-,,,,
看,漢字,N1,目,9,カン,み（る）,,小学6年(5級),5級,小学6年
眼,漢字,N1,目,11,ガン,まなこ,,小学5年(６級),6級,小学5年
省,漢字,N2,目,9,ショウ・セイ,はぶ（く）,,小学4年(７級),7級,小学4年
真,漢字,N4 ,目,10,シン,ま,adjective (),小学3年(８級),8級,小学3年
県,漢字,N4 ,目,9,ケン,-,place,小学3年(８級),8級,小学3年
相,漢字,N3,目,9,ソウ・ショウ,あい,,小学3年(８級),8級,小学3年
直,漢字,N4 ,目,8,チョク・ジキ,なお（す）・じき,verb,小学2年(９級),9級,小学2年
目,漢字,N5 ,目,5,モク・ボク,め,body & face,小学1年 (１０級),10級,小学1年
眠,漢字,N3,目,10,ミン,ねむ(る)・ねむ(い),,,,
盲,漢字,N1,目,8,モウ,めくら,,,,
盾,漢字,N1,目,9,ジュン,たて,,,,
眺,漢字,N1,目,11,チョウ,なが(める),,,,
睡,漢字,N1,目,13,スイ,-,,,,
督,漢字,N1,目,13,トク,-,,,,
瞬,漢字,N1,目,18,シュン,またた(く),,,,
閉,漢字,N3,門,11,ヘイ,し（める）・と（じる）,,小学6年(5級),5級,小学6年
閣,漢字,N1,門,14,カク,-,,小学6年(5級),5級,小学6年
関,漢字,N3,門,14,カン,せき・かか（わる）・せき,,小学4年(７級),7級,小学4年
開,漢字,N4 ,門,12,カイ,ひら（く）・あ（ける）,verb,小学3年(８級),8級,小学3年
間,漢字,N5 ,門,12,カン・ケン,あいだ・ま,days & times,小学2年(９級),9級,小学2年
門,漢字,N4 ,門,8,モン,かど・と,place,小学2年(９級),9級,小学2年
閑,漢字,N1,門,12,カン,-,,,,
閥,漢字,N1,門,14,バツ,-,,,,
閲,漢字,N1,門,15,エツ,-,,,,
闘,漢字,N1,門,18,トウ,たたか(う),,,,
短,漢字,N4 ,矢,12,タン,みじか（い）,adjective (),小学3年(８級),8級,小学3年
知,漢字,N4 ,矢,8,チ,し（る）,verb,小学2年(９級),9級,小学2年
矢,漢字,N1,矢,5,シ,や,,小学2年(９級),9級,小学2年
矯,漢字,N1,矢,17,キョウ,た(める)　,,,,
郵,漢字,N2,邑,11,ユウ,-,,小学6年(5級),5級,小学6年
郷,漢字,N1,邑,11,キョウ・ゴウ,さと,,小学6年(5級),5級,小学6年
郡,漢字,N1,邑,10,グン,こおり,,小学4年(７級),7級,小学4年
都,漢字,N4 ,邑,11,ト・ツ,みやこ,place,小学3年(８級),8級,小学3年
部,漢字,N3,邑,11,ブ,-,,小学3年(８級),8級,小学3年
郊,漢字,N2,邑,8,コウ,-,,,,
邦,漢字,N1,邑,7,ホウ,くに,,,,
邪,漢字,N1,邑,8,ジャ,よこしま,,,,
邸,漢字,N1,邑,8,テイ,やしき,,,,
郎,漢字,N1,邑,9,ロウ,-,,,,
郭,漢字,N1,邑,11,カク,　くるわ,,,,
夢,漢字,N3,夕,13,ム,ゆめ,,小学5年(６級),6級,小学5年
多,漢字,N5 ,夕,6,タ,おお（い）,adjective (amount),小学2年(９級),9級,小学2年
外,漢字,N5 ,夕,5,ガイ・ゲ,そと・ほか・はず（す）,adjective (range),小学2年(９級),9級,小学2年
夜,漢字,N4 ,夕,8,ヤ,よる・よ,days & times,小学2年(９級),9級,小学2年
夕,漢字,N4 ,夕,3,セキ,ゆう,days & times,小学1年 (１０級),10級,小学1年
用,漢字,N4 ,用,5,ヨウ,もち（いる）,,小学2年(９級),9級,小学2年
義,漢字,N1,羊,13,ギ,-,,小学5年(６級),6級,小学5年
群,漢字,N2,羊,13,グン,む（れる）・むら（がる）,,小学4年(７級),7級,小学4年
着,漢字,N4 ,羊,12,チャク,つ（く）・き（る）,verb,小学3年(８級),8級,小学3年
美,漢字,N3,羊,9,ビ,うつく（しい）,,小学3年(８級),8級,小学3年
羊,漢字,N1,羊,6,ヨウ,ひつじ,,小学3年(８級),8級,小学3年
量,漢字,N2,里,12,リョウ,はか（る）,,小学4年(７級),7級,小学4年
重,漢字,N4 ,里,9,ジュウ・チョウ,おも（い）・かさ（ねる）,adjective (),小学3年(８級),8級,小学3年
野,漢字,N4 ,里,11,ヤ,の,place,小学2年(９級),9級,小学2年
里,漢字,N4 ,里,7,リ,さと,,小学2年(９級),9級,小学2年
競,漢字,N2,立,20,キョウ・ギョ,-,,小学4年(７級),7級,小学4年
章,漢字,N2,立,11,ショウ,-,,小学3年(８級),8級,小学3年
童,漢字,N2,立,12,ドウ,わらべ,,小学3年(８級),8級,小学3年
立,漢字,N5 ,立,5,リツ・リュウ,た（つ）・た（てる）,verb,小学1年 (１０級),10級,小学1年
端,漢字,N1,立,14,タン,はし・は・はた,,,,
竜,漢字,N1,龍,10,リュウ,たつ,,,,
勤,漢字,N3,力,12,キン・ゴン,つと（める）,verb,小学6年(5級),5級,小学6年
務,漢字,N3,力,11,ム,つと（める）,verb,小学5年(６級),6級,小学5年
効,漢字,N2,力,8,コウ,き（く）,,小学5年(６級),6級,小学5年
勢,漢字,N2,力,13,セイ,いきお（い）,,小学5年(６級),6級,小学5年
加,漢字,N3,力,5,カ,くわ（える）・くわ（わる）,verb,小学4年(７級),7級,小学4年
努,漢字,N3,力,7,ド,つと（める）,verb,小学4年(７級),7級,小学4年
労,漢字,N3,力,7,ロウ,-,verb,小学4年(７級),7級,小学4年
勇,漢字,N2,力,9,ユウ,いさ（む）,,小学4年(７級),7級,小学4年
功,漢字,N1,力,5,コウ,-,,小学4年(７級),7級,小学4年
動,漢字,N4 ,力,11,ドウ,うご（く）,verb,小学3年(８級),8級,小学3年
助,漢字,N3,力,7,ジョ,たす（ける）・たす（かる）,verb,小学3年(８級),8級,小学3年
勝,漢字,N3,力,12,ショウ,か（つ）・まさ（る）,verb,小学3年(８級),8級,小学3年
勉,漢字,N4 ,力,10,ベン,つと（める）,,小学3年(８級),8級,小学3年
力,漢字,N4 ,力,2,リョク・リキ,ちから,,小学1年 (１０級),10級,小学1年
募,漢字,N3,力,12,ボ,つの(る),,,,
劣,漢字,N1,力,6,レツ,おと(る),,,,
励,漢字,N1,力,7,レイ,はげ(む)・はげ(ます),,,,
劾,漢字,N1,力,8,ガイ,-,,,,
勅,漢字,N1,力,9,チョク,-,,,,
勘,漢字,N1,力,11,カン,-,,,,
勧,漢字,N1,力,13,カン,すす(める),,,,
勲,漢字,N1,力,15,クン,-,,,,
老,漢字,N3,老,6,ロウ,お（いる）,,小学4年(７級),7級,小学4年
者,漢字,N4 ,老,8,シャ,もの,people,小学3年(８級),8級,小学3年
考,漢字,N4 ,老,6,コウ,かんが（える）,verb,小学2年(９級),9級,小学2年
主,漢字,N4 ,丶,5,シュ,おも・ぬし,people,小学3年(８級),8級,小学3年
丸,漢字,N2,丶,3,ガン,まる,,小学2年(９級),9級,小学2年
丹,漢字,N1,丶,4,タン,-,,,,
久,漢字,N2,丿,3,キュウ・ク,ひさし（く）,,小学5年(６級),6級,小学5年
乗,漢字,N4 ,丿,9,ジョウ,の（る）,verb,小学3年(８級),8級,小学3年
乏,漢字,N1,丿,4,ボウ,とぼ(しい),,,,
争,漢字,N3,亅,6,ソウ,あらそ（う）,verb,小学4年(７級),7級,小学4年
事,漢字,N4 ,亅,8,ジ,こと,,小学3年(８級),8級,小学3年
了,漢字,N2,亅,2,リョウ,-,,,,
予,漢字,N3,亅,4,ヨ,-,,小学3年(８級),8級,小学3年
亡,漢字,N3,亠,3,ボウ・モウ,な（くす）,verb,小学6年(5級),5級,小学6年
交,漢字,N4 ,亠,6,コウ,まじ（わる）,,小学2年(９級),9級,小学2年
京,漢字,,亠,8,キョウ・ケイ,-,,小学2年(９級),9級,小学2年
享,漢字,N1,亠,8,キョウ・コウ,う(ける),,,,
亭,漢字,N1,亠,9,テイ,-,,,,
党,漢字,N2,儿,10,トウ,-,,小学6年(5級),5級,小学6年
兆,漢字,N2,儿,6,チョウ,-,,小学4年(７級),7級,小学4年
児,漢字,N2,儿,7,ジ,-,,小学4年(７級),7級,小学4年
光,漢字,N4 ,儿,6,コウ,ひか（る）,nature & weather,小学2年(９級),9級,小学2年
兄,漢字,N4 ,儿,5,ケイ・キョウ,あに,people,小学2年(９級),9級,小学2年
元,漢字,N5 ,儿,4,ゲン・ガン,もと,,小学2年(９級),9級,小学2年
先,漢字,N5 ,儿,6,セン,さき,people & school,小学1年 (１０級),10級,小学1年
充,漢字,N1,儿,6,ジュウ,あ(てる),,,,
克,漢字,N1,儿,7,コク,かつ,,,,
免,漢字,N1,儿,8,メン,まぬが（れる）,,,,
冊,漢字,N2,冂,5,サク・サツ,-,,小学6年(5級),5級,小学6年
再,漢字,N2,冂,6,サ・サイ,ふたた（び）,,小学5年(６級),6級,小学5年
円,漢字,N5 ,冂,4,エン,まる（い）,adjective (shape),小学1年 (１０級),10級,小学1年
写,漢字,N4 ,冖,5,シャ,うつ（る）,verb,小学3年(８級),8級,小学3年
冗,漢字,N1,冖,4,ジョウ,-,,,,
冠,漢字,N1,冖,9,カン,かんむり,,,,
冷,漢字,N3,冫,7,レイ,つめ（たい）・ひ（やす）・ひ（える）・さ（める）・さ（ます）,,小学4年(７級),7級,小学4年
冬,漢字,N4 ,冫,5,トウ,ふゆ,seasons,小学2年(９級),9級,小学2年
凍,漢字,N3,冫,10,トウ,こお（る）,,,,
准,漢字,N1,冫,10,ジュン,-,,,,
凝,漢字,N1,冫,16,ギョウ,こ(る)・こ(らす),,,,
処,漢字,N3,几,5,ショ,ところ,verb,小学6年(5級),5級,小学6年
凡,漢字,N1,几,3,ボン・ハン,およ(そ),,,,
出,漢字,N5 ,凵,5,シュツ・スイ,で（る）・だ（す）,verb,小学1年 (１０級),10級,小学1年
凶,漢字,N1,凵,4,キョウ,-,,,,
凸,漢字,N1,凵,5,トツ,-,,,,
凹,漢字,N1,凵,5,オウ,-,,,,
包,漢字,N3,勹,5,ホウ,つつ（む）,,小学4年(７級),7級,小学4年
勺,漢字,N1,勹,3,シャク,-,,,,
匁,漢字,N1,勹,4,-,もんめ,,,,
化,漢字,N3,匕,4,カ,ば（ける）,,小学3年(８級),8級,小学3年
北,漢字,N5 ,匕,5,ホク,きた,position & direction,小学2年(９級),9級,小学2年
匠,漢字,N1,匚,6,ショウ,たくみ,,,,
区,漢字,N4 ,匸,4,ク,-,place,小学3年(８級),8級,小学3年
医,漢字,N4 ,匸,7,イ,-,,小学3年(８級),8級,小学3年
匹,漢字,N3,匸,4,ヒツ,ひき,,,,
匿,漢字,N1,匸,10,トク,-,,,,
危,漢字,N3,卩,6,キ,あぶ（ない）・あや（うい）,,小学6年(5級),5級,小学6年
卵,漢字,N2,卩,7,ラン,たまご,,小学6年(5級),5級,小学6年
巻,漢字,N2,卩,9,カン・ケン,ま（く）,,小学6年(5級),5級,小学6年
印,漢字,N2,卩,6,イン,しるし,,小学4年(７級),7級,小学4年
即,漢字,N1,卩,7,ソク,そく(する),,,,
却,漢字,N1,卩,7,キャク,-,,,,
卸,漢字,N1,卩,9,シャ,おろし・おろ(す),,,,
厚,漢字,N2,厂,9,コウ,あつ（い）,,小学5年(６級),6級,小学5年
原,漢字,N3,厂,10,ゲン,はら,,小学2年(９級),9級,小学2年
厄,漢字,N1,厂,4,ヤク,-,,,,
厘,漢字,N1,厂,9,リン,-,,,,
参,漢字,N3,厶,8,サン,まい（る）,verb,小学4年(７級),7級,小学4年
去,漢字,N5 ,厶,5,キョ・コ,さ（る）,verb,小学3年(８級),8級,小学3年
困,漢字,,囗,7,コン,こま（る）,,小学6年(5級),5級,小学6年
因,漢字,N3,囗,6,イン,ちな（む）・よ（って）,,小学5年(６級),6級,小学5年
団,漢字,N2,囗,6,ダン・トン,-,,小学5年(６級),6級,小学5年
囲,漢字,N2,囗,7,イ,かこ（む）,,小学5年(６級),6級,小学5年
固,漢字,N2,囗,8,コ,かた（い）・かた（める）,,小学4年(７級),7級,小学4年
国,漢字,N5 ,囗,8,コク,くに,people & school,小学2年(９級),9級,小学2年
図,漢字,N4 ,囗,7,ズ・ト,はか（る）,verb,小学2年(９級),9級,小学2年
回,漢字,N4 ,囗,6,カイ・エ,まわ（る）,verb,小学2年(９級),9級,小学2年
園,漢字,N4 ,囗,13,エン,その,,小学2年(９級),9級,小学2年
四,漢字,N5 ,囗,5,シ,よっ（つ）・よん,numbers,小学1年 (１０級),10級,小学1年
囚,漢字,N1,囗,5,シュウ,-,,,,
圏,漢字,N1,囗,11,ケン,-,,,,
変,漢字,N3,夊,9,ヘン,か（わる）・か（える）,,小学4年(７級),7級,小学4年
夏,漢字,N4 ,夊,10,カ・ゲ,なつ,seasons,小学2年(９級),9級,小学2年
宅,漢字,N3,宀,6,タク,-,,小学6年(5級),5級,小学6年
宇,漢字,N2,宀,6,ウ,-,,小学6年(5級),5級,小学6年
宝,漢字,N2,宀,8,ホウ,たから,,小学6年(5級),5級,小学6年
宗,漢字,N1,宀,8,シュウ・ソウ,-,,小学6年(5級),5級,小学6年
宙,漢字,N1,宀,8,チュウ,-,,小学6年(5級),5級,小学6年
宣,漢字,N1,宀,9,セン,-,,小学6年(5級),5級,小学6年
密,漢字,N1,宀,11,ミツ,ひそ（か）,,小学6年(5級),5級,小学6年
容,漢字,N3,宀,10,ヨウ,-,,小学5年(６級),6級,小学5年
寄,漢字,N3,宀,11,キ,よ（せる）,,小学5年(６級),6級,小学5年
官,漢字,N3,宀,8,カン,-,,小学4年(７級),7級,小学4年
察,漢字,N3,宀,14,サツ,-,,小学4年(７級),7級,小学4年
完,漢字,N3,宀,7,カン,-,,小学4年(７級),7級,小学4年
害,漢字,N3,宀,10,ガイ,-,,小学4年(７級),7級,小学4年
富,漢字,N3,宀,12,フ,とみ・と（む）,,小学4年(７級),7級,小学4年
寒,漢字,N4 ,宀,12,カン,さむ（い）,adjective (),小学3年(８級),8級,小学3年
安,漢字,N5 ,宀,6,アン,やす（い）,adjective (price),小学3年(８級),8級,小学3年
守,漢字,N3,宀,6,シュ・ス,まも（る）,,小学3年(８級),8級,小学3年
定,漢字,N3,宀,8,テイ・ジョウ,さだ（める）・さだ（か）,,小学3年(８級),8級,小学3年
実,漢字,N3,宀,8,ジツ,みの（る）・み,,小学3年(８級),8級,小学3年
客,漢字,N3,宀,9,キャク・カク,-,,小学3年(８級),8級,小学3年
宿,漢字,N3,宀,11,シュク,やど,,小学3年(８級),8級,小学3年
宮,漢字,N1,宀,10,キュウ・グウ・ク,みや,,小学3年(８級),8級,小学3年
室,漢字,N4 ,宀,9,シツ,むろ,place,小学2年(９級),9級,小学2年
家,漢字,N4 ,宀,10,カ・ケ,いえ・や,place,小学2年(９級),9級,小学2年
寝,漢字,N3,宀,13,シン,ね(る)・ね(かす),,,,
宜,漢字,N1,宀,8,ギ,よろ(しい),,,,
宰,漢字,N1,宀,10,サイ,-,,,,
宴,漢字,N1,宀,10,エン,うたげ,,,,
宵,漢字,N1,宀,10,ショウ,よい,,,,
寂,漢字,N1,宀,11,ジャク・セキ,さび(しい)・さび,,,,
寛,漢字,N1,宀,12,カン,くつろ(ぐ),,,,
寡,漢字,N1,宀,14,カ,やもめ・すく(ない),,,,
寧,漢字,N1,宀,14,ネイ,むし(ろ),,,,
審,漢字,N1,宀,15,シン,つまび(らか),,,,
寮,漢字,N1,宀,14,リョウ,-,,,,
就,漢字,N1,尢,12,シュウ・ジュ,つ（く）,,小学6年(5級),5級,小学6年
届,漢字,N2,尸,8,カイ,とど（ける）・とど（く）,,小学6年(5級),5級,小学6年
層,漢字,N2,尸,14,ソウ,-,,小学6年(5級),5級,小学6年
尺,漢字,N1,尸,4,シャク,-,,小学6年(5級),5級,小学6年
展,漢字,N1,尸,10,テン,-,,小学6年(5級),5級,小学6年
居,漢字,N3,尸,8,キョ,い（る）,,小学5年(６級),6級,小学5年
属,漢字,N1,尸,12,ゾク,-,,小学5年(６級),6級,小学5年
屋,漢字,N4 ,尸,9,オク,や,place,小学3年(８級),8級,小学3年
局,漢字,N3,尸,7,キョク,-,,小学3年(８級),8級,小学3年
尽,漢字,N1,尸,6,ジン,つ(くす)・つ(きる),,,,
尼,漢字,N1,尸,5,ニ,あま,,,,
尾,漢字,N1,尸,7,ビ,お,,,,
尿,漢字,N1,尸,7,ニョウ,-,,,,
屈,漢字,N1,尸,8,クツ,かが(む),,,,
履,漢字,N1,尸,15,リ,は(く),,,,
屯,漢字,N1,屮,4,トン,たむろ,,,,
州,漢字,N2,巛,6,シュウ,す,,小学3年(８級),8級,小学3年
川,漢字,N5 ,巛,3,セン,かわ,nature & weather,小学1年 (１０級),10級,小学1年
巡,漢字,N1,巛,6,ジュン,めぐ(る),,,,
幼,漢字,N2,幺,5,ヨウ,おさな（い）,,小学6年(5級),5級,小学6年
幾,漢字,N3,幺,12,キ,いく,,,,
幻,漢字,N1,幺,4,ゲン,まぼろし,,,,
幽,漢字,N1,幺,9,ユウ,かす(か),,,,
座,漢字,N3,广,10,ザ,すわ（る）,,小学6年(5級),5級,小学6年
庁,漢字,N2,广,5,チョウ,-,,小学6年(5級),5級,小学6年
序,漢字,N1,广,7,ジョ,-,,小学5年(６級),6級,小学5年
底,漢字,N2,广,8,テイ,そこ,,小学4年(７級),7級,小学4年
府,漢字,N2,广,8,フ,-,,小学4年(７級),7級,小学4年
康,漢字,N1,广,11,コウ,-,,小学4年(７級),7級,小学4年
度,漢字,N4 ,广,9,ド,-,,小学3年(８級),8級,小学3年
庭,漢字,N3,广,10,テイ,にわ,,小学3年(８級),8級,小学3年
庫,漢字,N2,广,10,コ,-,,小学3年(８級),8級,小学3年
広,漢字,N4 ,广,5,コウ,ひろ（い）,adjective (),小学2年(９級),9級,小学2年
店,漢字,N5 ,广,8,テン,みせ,place,小学2年(９級),9級,小学2年
床,漢字,N2,广,7,ショウ,とこ・ゆか,,,,
庶,漢字,N1,广,11,ショ,もろもろ,,,,
庸,漢字,N1,广,11,ヨウ,つね・もち(いる),,,,
廃,漢字,N1,广,12,ハイ,すた(れる)・すた(る),,,,
廉,漢字,N1,广,13,レン,かど,,,,
廊,漢字,N1,广,12,ロウ,-,,,,
延,漢字,N2,廴,8,エン,の（ばす）,,小学6年(5級),5級,小学6年
建,漢字,N4 ,廴,9,ケン,た（てる）・た（つ）,verb,小学4年(７級),7級,小学4年
廷,漢字,N1,廴,7,テイ,-,,,,
弁,漢字,N1,廾,5,ベン,-,,小学5年(６級),6級,小学5年
弊,漢字,N1,廾,15,ヘイ,-,,,,
式,漢字,N3,弋,6,シキ,-,,小学3年(８級),8級,小学3年
形,漢字,N4 ,彡,7,ケイ・ギョウ,かたち・かた,,小学2年(９級),9級,小学2年
彩,漢字,N1,彡,11,サイ,いろど(る),,,,
彫,漢字,N1,彡,11,チョウ,ほ(る),,,,
彰,漢字,N1,彡,14,ショウ,-,,,,
影,漢字,N1,彡,15,エイ,かげ,,,,
律,漢字,N2,彳,9,リツ・リチ,-,,小学6年(5級),5級,小学6年
従,漢字,N1,彳,10,ジュウ・ショウ・ジュ,したが（う）,,小学6年(5級),5級,小学6年
得,漢字,N3,彳,11,トク,え（る）・う（る）,,小学5年(６級),6級,小学5年
復,漢字,N2,彳,12,フク,-,,小学5年(６級),6級,小学5年
往,漢字,N1,彳,8,オウ,い（く）・ゆ（く）,,小学5年(６級),6級,小学5年
徒,漢字,N3,彳,10,ト,-,,小学4年(７級),7級,小学4年
径,漢字,N1,彳,8,ケイ,-,,小学4年(７級),7級,小学4年
徳,漢字,N1,彳,14,トク,-,,小学4年(７級),7級,小学4年
待,漢字,N4 ,彳,9,タイ,ま（つ）,verb,小学3年(８級),8級,小学3年
役,漢字,N3,彳,7,ヤク,-,,小学3年(８級),8級,小学3年
後,漢字,N5 ,彳,9,ゴ・ゴウ,うし（ろ）・あと・のち,position & direction,小学2年(９級),9級,小学2年
彼,漢字,N3,彳,8,ヒ,かれ・かの,,,,
御,漢字,N3,彳,12,ギョ・ゴ,おん・み,,,,
征,漢字,N1,彳,8,セイ,-,,,,
徐,漢字,N1,彳,10,ジョ,おもむろ(に),,,,
循,漢字,N1,彳,12,ジュン,-,,,,
微,漢字,N1,彳,13,ビ,かす(か),,,,
徴,漢字,N1,彳,14,チョウ,しるし,,,,
徹,漢字,N1,彳,15,テツ,とお(す),,,,
我,漢字,N1,戈,7,ガ,われ・わ,,小学6年(5級),5級,小学6年
成,漢字,N3,戈,6,セイ,な（る）・な（す）,,小学4年(７級),7級,小学4年
戦,漢字,N3,戈,13,セン,たたか（う）,,小学4年(７級),7級,小学4年
戒,漢字,N1,戈,7,カイ,いまし(める),,,,
戯,漢字,N1,戈,15,ギ・ゲ,たわむ(れる),,,,
収,漢字,N3,攴,4,シュウ,おさ（める）,verb,小学6年(5級),5級,小学6年
敬,漢字,N2,攴,12,ケイ,うやま（う）,,小学6年(5級),5級,小学6年
敵,漢字,N1,攴,15,テキ,かたき,,小学6年(5級),5級,小学6年
政,漢字,N3,攴,9,セイ・ショウ,まつりごと,,小学5年(６級),6級,小学5年
故,漢字,N1,攴,9,コ,ゆえ,,小学5年(６級),6級,小学5年
敗,漢字,N3,攴,11,ハイ,やぶ（れる）,,小学4年(７級),7級,小学4年
散,漢字,N3,攴,12,サン,ち（る）・ち（らかす）・ち（らす）,,小学4年(７級),7級,小学4年
改,漢字,N2,攴,7,カイ,あらた（める）・あらた（まる）,,小学4年(７級),7級,小学4年
救,漢字,N1,攴,11,キュウ,すく（う）たす(ける),,小学4年(７級),7級,小学4年
放,漢字,N3,攴,8,ホウ,はな（つ）,,小学3年(８級),8級,小学3年
整,漢字,N1,攴,16,セイ,ととの（う）,,小学3年(８級),8級,小学3年
数,漢字,N4 ,攴,13,スウ,かず・かぞ（える）,verb,小学2年(９級),9級,小学2年
教,漢字,N4 ,攴,11,キョウ,おし（える）・おそ（わる）,verb,小学2年(９級),9級,小学2年
攻,漢字,N1,攴,7,コウ,せ(める),,,,
敏,漢字,N1,攴,10,ビン,さと(い),,,,
敢,漢字,N1,攴,12,カン,あ(えて),,,,
敷,漢字,N1,攴,15,フ,し(く),,,,
既,漢字,N1,无,10,キ,すで(に),,,,
最,漢字,N3,曰,12,サイ,もっと（も）,,小学4年(７級),7級,小学4年
曲,漢字,N3,曰,6,キョク,ま（がる）,,小学3年(８級),8級,小学3年
書,漢字,N5 ,曰,10,ショ,か（く）,people & school,小学2年(９級),9級,小学2年
冒,漢字,N1,曰,9,ボウ,おか(す),,,,
更,漢字,N3,曰,7,コウ,さら・ふ（ける）,,,,
替,漢字,N2,曰,12,タイ,か(える)・か(わる),,,,
曹,漢字,N1,曰,11,ソウ,-,,,,
残,漢字,N3,歹,10,ザン,のこ（る）,,小学4年(７級),7級,小学4年
死,漢字,N4 ,歹,6,シ,し,,小学3年(８級),8級,小学3年
殉,漢字,N1,歹,10,ジュン,-,,,,
殊,漢字,N1,歹,10,シュ,こと,,,,
殖,漢字,N1,歹,12,ショク,ふ(える)・ふ(やす),,,,
段,漢字,N3,殳,9,ダン,-,,小学6年(5級),5級,小学6年
殺,漢字,N3,殳,10,サツ・サイ・セツ,ころ（す）,,小学5年(６級),6級,小学5年
殿,漢字,N2,殳,13,デン・テン,との・どの,,,,
殴,漢字,N1,殳,8,オウ, なぐ(る),,,,
殻,漢字,N1,殳,12,カク,から,,,,
毒,漢字,N2,毋,8,ドク,-,,小学5年(６級),6級,小学5年
毎,漢字,N5 ,毋,6,マイ,ごと,days & times,小学2年(９級),9級,小学2年
母,漢字,N5 ,毋,5,ボ,はは,people & school,小学2年(９級),9級,小学2年
気,漢字,N5 ,气,6,キ・ケ,-,nature & weather,小学1年 (１０級),10級,小学1年
発,漢字,N4 ,癶,9,ハツ・ハッ,-,verb,小学3年(８級),8級,小学3年
登,漢字,N3,癶,12,トウ・ト,のぼ（る）,,小学3年(８級),8級,小学3年
署,漢字,N2,网,13,ショ,-,,小学6年(5級),5級,小学6年
罪,漢字,N3,网,13,ザイ,つみ,,小学5年(６級),6級,小学5年
置,漢字,N3,网,13,チ,お（く）,,小学4年(７級),7級,小学4年
罰,漢字,N1,网,14,バツ、バチ,-,,,,
罷,漢字,N1,网,15,ヒ,-,,,,
羅,漢字,N1,网,19,ラ,-,,,,
耕,漢字,N2,耒,10,コウ,たがや（す）,,小学5年(６級),6級,小学5年
耗,漢字,N1,耒,10,コウ・モウ,-,,,,
粛,漢字,N1,聿,11,シュク,つつつ(しむ),,,,
蔵,漢字,N2,艸,15,ゾウ,くら,,小学6年(5級),5級,小学6年
若,漢字,N3,艸,8,ジャク・ニャク,わか（い）・も（しくは）,,小学6年(5級),5級,小学6年
著,漢字,N2,艸,11,チョ・チャク,あらわ（す）,,小学6年(5級),5級,小学6年
蒸,漢字,N2,艸,13,ジョウ,む（らす）,,小学6年(5級),5級,小学6年
英,漢字,N4 ,艸,8,エイ,-,,小学4年(７級),7級,小学4年
芸,漢字,N2,艸,7,ゲイ,-,,小学4年(７級),7級,小学4年
菜,漢字,N2,艸,11,サイ,な,,小学4年(７級),7級,小学4年
芽,漢字,N1,艸,8,ガ,め,,小学4年(７級),7級,小学4年
茨,漢字,,艸,9,-,いばら,,小学4年(７級),7級,小学4年
薬,漢字,N4 ,艸,16,ヤク,くすり,,小学3年(８級),8級,小学3年
苦,漢字,N3,艸,8,ク,にが（い）・くる（しい）,,小学3年(８級),8級,小学3年
落,漢字,N3,艸,12,ラク,お（ちる）,,小学3年(８級),8級,小学3年
荷,漢字,N2,艸,10,カ,に,,小学3年(８級),8級,小学3年
葉,漢字,N3,艸,12,ヨウ,は,,小学3年(８級),8級,小学3年
茶,漢字,N4 ,艸,9,チャ・サ,-,adjective (color),小学2年(９級),9級,小学2年
花,漢字,N5 ,艸,7,カ,はな,nature & weather,小学1年 (１０級),10級,小学1年
草,漢字,N4 ,艸,9,ソウ,くさ,,小学1年 (１０級),10級,小学1年
苗,漢字,N1,艸,8,ビョウ・ミョウ,なえ,,,,
荒,漢字,N2,艸,9,コウ,あ(れる)・あ(らす)・あ(らい),,,,
菓,漢字,N2,艸,11,カ,-,,,,
薄,漢字,N2,艸,16,ハク,うす(い)・うす(める),,,,
芋,漢字,N1,艸,6,ウ,いも,,,,
芝,漢字,N1,艸,6,シ,しば,,,,
芳,漢字,N1,艸,7,ホウ,かんば(しい)　,,,,
茂,漢字,N1,艸,8,モ,しげ(る),,,,
茎,漢字,N1,艸,8,ケイ,くき,,,,
荘,漢字,N1,艸,9,ソウ,-,,,,
菊,漢字,N1,艸,11,キク,-,,,,
菌,漢字,N1,艸,11,キン,-,,,,
華,漢字,N1,艸,10,カ、ケ,はな,,,,
葬,漢字,N1,艸,12,ソウ,ほうむ(る),,,,
蓄,漢字,N1,艸,13,チク,たくわ(える),,,,
薦,漢字,N1,艸,16,セン,すす(める),,,,
薪,漢字,N1,艸,16,シン,たきぎ・まき,,,,
薫,漢字,N1,艸,16,クン,かお(る),,,,
藩,漢字,N1,艸,18,ハン,-,,,,
藻,漢字,N1,艸,19,ソウ,も,,,,
虚,漢字,N1,虍,11,キョ、コ,むな(しい),,,,
虐,漢字,N1,虍,9,ギャク,しい(たげる),,,,
虜,漢字,N1,虍,13,リョ,とりこ,,,,
虞,漢字,N1,虍,13,グ,おそれ,,,,
要,漢字,N3,襾,9,ヨウ,かなめ,,小学4年(７級),7級,小学4年
西,漢字,N5 ,襾,6,セイ・サイ,にし,position & direction,小学2年(９級),9級,小学2年
覆,漢字,N1,襾,18,フク,おお(う)・くつがえ(る)・くつがえ(す),,,,
覇,漢字,N1,襾,19,ハ,-,,,,
象,漢字,N2,豕,12,ショウ・ゾウ,かたど（る）,,小学4年(７級),7級,小学4年
豚,漢字,N1,豕,11,トン,ぶた,,,,
豪,漢字,N1,豕,14,ゴウ,-,,,,
隷,漢字,N1,隶,16,レイ,-,,,,
難,漢字,N3,隹,18,ナン,むずか（しい）・かた（い）,,小学6年(5級),5級,小学6年
雑,漢字,N3,隹,14,ザツ・ゾウ,-,,小学5年(６級),6級,小学5年
集,漢字,N4 ,隹,12,シュウ,あつ（まる）,verb,小学3年(８級),8級,小学3年
隻,漢字,N2,隹,10,セキ,-,,,,
雇,漢字,N2,隹,12,コ,やと(う),,,,
雄,漢字,N1,隹,12,ユウ,おす・お,,,,
雅,漢字,N1,隹,13,ガ,みやび,,,,
雌,漢字,N1,隹,14,シ,めす・め,,,,
離,漢字,N1,隹,19,リ,はな(れる) ・はな(す),,,,
髪,漢字,N3,髟,14,ハツ,かみ,,,,
斉,漢字,N1,齊,8,セイ,-,,,,
斎,漢字,N1,齊,11,サイ,とき,,,,
中,漢字,N5 ,丨,4,チュウ・ジュウ,なか,position & direction,小学1年 (１０級),10級,小学1年
痛,漢字,N3,疒,12,ツウ,いた（い）,,小学6年(5級),5級,小学6年
病,漢字,N4 ,疒,10,ビョウ,やまい,,小学3年(８級),8級,小学3年
疲,漢字,N3,疒,10,ヒ,つか（れる）,,,,
療,漢字,N2,疒,17,リョウ,-,,,,
疫,漢字,N1,疒,9,エキ・ヤク,-,,,,
疾,漢字,N1,疒,10,シツ,-,,,,
症,漢字,N1,疒,10,ショウ,-,,,,
痘,漢字,N1,疒,12,トウ,-,,,,
痢,漢字,N1,疒,12,リ,-,,,,
痴,漢字,N1,疒,13,チ,-,,,,
癒,漢字,N1,疒,18,ユ,い(える)・い(やす),,,,
癖,漢字,N1,疒,18,ヘキ,くせ,,,,
退,漢字,N3,辵,9,タイ,しりぞ（く）,,小学6年(5級),5級,小学6年
遺,漢字,N1,辵,15,イ・ユイ,-,,小学6年(5級),5級,小学6年
迷,漢字,N3,辵,9,メイ,まよ（う）,,小学5年(６級),6級,小学5年
過,漢字,N3,辵,12,カ,す（ぎる）・あやま（ち）,,小学5年(６級),6級,小学5年
適,漢字,N3,辵,14,テキ,かな（わない）,,小学5年(６級),6級,小学5年
述,漢字,N2,辵,8,ジュツ,の（べる）,,小学5年(６級),6級,小学5年
逆,漢字,N2,辵,9,ギャク,さか・さか（らう）,,小学5年(６級),6級,小学5年
造,漢字,N2,辵,10,ゾウ,つく（る）,,小学5年(６級),6級,小学5年
連,漢字,N3,辵,10,レン,つ（れる）・つら（なる）,,小学4年(７級),7級,小学4年
達,漢字,N3,辵,12,タツ,（だち）,,小学4年(７級),7級,小学4年
選,漢字,N3,辵,15,セン,えら（ぶ）,,小学4年(７級),7級,小学4年
辺,漢字,N2,辵,5,ヘン,あた（り）,,小学4年(７級),7級,小学4年
進,漢字,N4 ,辵,11,シン,すす（む）,verb,小学3年(８級),8級,小学3年
送,漢字,N4 ,辵,9,ソウ,おく（る）,verb,小学3年(８級),8級,小学3年
運,漢字,N4 ,辵,12,ウン,はこ（ぶ）,verb,小学3年(８級),8級,小学3年
返,漢字,N3,辵,7,ヘン,かえ（す）,,小学3年(８級),8級,小学3年
追,漢字,N3,辵,9,ツイ,お（う）,,小学3年(８級),8級,小学3年
速,漢字,N3,辵,10,ソク,はや（い）・すみ（やか）,,小学3年(８級),8級,小学3年
遊,漢字,N3,辵,12,ユウ,あそ（び）,,小学3年(８級),8級,小学3年
近,漢字,N4 ,辵,7,キン,ちか（い）,adjective (),小学2年(９級),9級,小学2年
遠,漢字,N4 ,辵,13,エン・オン,とお（い）,adjective (),小学2年(９級),9級,小学2年
週,漢字,N5 ,辵,11,シュウ,-,days & times,小学2年(９級),9級,小学2年
道,漢字,N5 ,辵,12,ドウ,みち,transportation,小学2年(９級),9級,小学2年
通,漢字,N4 ,辵,10,ツウ,とお（る）・かよ（う）・とおり,verb,小学2年(９級),9級,小学2年
込,漢字,N3,辵,6,-,こ（める）,,,,
迎,漢字,N3,辵,8,ゲイ,むか(える),,,,
逃,漢字,N3,辵,9,トウ,に(げる)・のが(す),,,,
途,漢字,N3,辵,10,ト,-,,,,
遅,漢字,N3,辵,12,チ,おく(れる)・おそ(い),,,,
違,漢字,N3,辵,13,イ,ちが(う),,,,
迅,漢字,N1,辵,6,ジン,-,,,,
迫,漢字,N1,辵,8,ハク,せま(る),,,,
迭,漢字,N1,辵,8,テツ,-,,,,
透,漢字,N1,辵,10,トウ,す(く)・す(かす)・す(ける),,,,
逐,漢字,N1,辵,10,チク,-,,,,
逓,漢字,N1,辵,10,テイ,-,,,,
逝,漢字,N1,辵,10,セイ,ゆ(く)・い(く),,,,
逮,漢字,N1,辵,11,タイ,-,,,,
逸,漢字,N1,辵,11,イツ,そ(れる)・そ(らす),,,,
遂,漢字,N1,辵,12,スイ,と(げる),,,,
遇,漢字,N1,辵,12,グウ,-,,,,
遍,漢字,N1,辵,12,ヘン,あまね(く) ,,,,
遣,漢字,N1,辵,13,ケン,つか(う)・つか(わす),,,,
遭,漢字,N1,辵,14,ソウ,あ(う),,,,
遮,漢字,N1,辵,14,シャ,さえぎ(る),,,,
遵,漢字,N1,辵,15,ジュン,-,,,,
遷,漢字,N1,辵,15,セン,うつ(る)、うつ(す)　,,,,
避,漢字,N1,辵,16,ヒ,さ(ける),,,,
還,漢字,N1,辵,16,カン,-,,,,