id,name,child_of
300000001,0より小さい数,200000001
300000002,正の数・負の数で量を表すこと,200000001
300000003,絶対値と数の大小,200000001
300000004,正の数・負の数の加法，減法,200000001
300000005,正の数・負の数の乗法，除法,200000001
300000006,いろいろな計算,200000001
300000007,数の世界のひろがり,200000001
300000008,正の数・負の数の利用,200000001
300000009,数量を文字で表すこと,200000002
300000010,文字式の表し方,200000002
300000011,式の値,200000002
300000012,文字式の加法・減法,200000002
300000013,文字式と数の乗法・除法,200000002
300000014,関係を表す式,200000002
300000015,方程式とその解,200000003
300000016,方程式の解き方,200000003
300000017,比と比例式,200000003
300000018,方程式の利用,200000003
300000019,比例式の利用,200000003
300000020,関数,200000004
300000021,比例の式,200000004
300000022,座標,200000004
300000023,比例のグラフ,200000004
300000024,反比例の式,200000004
300000025,反比例のグラフ,200000004
300000026,比例・反比例の利用,200000004
300000027,直線と図形,200000005
300000028,図形の移動,200000005
300000029,基本の作図,200000005
300000030,図形の移動と基本の作図の利用,200000005
300000031,円とおうぎ形の性質,200000005
300000032,円とおうぎ形の計量,200000005
300000033,いろいろな立体,200000006
300000034,空間内の平面と直線,200000006
300000035,立体の構成,200000006
300000036,立体の体積,200000006
300000037,立体の表面積,200000006
300000038,データを活用して、問題を解決しよう,200000007
300000039,整理されたデータから読み取ろう,200000007
300000040,相対度数と確率,200000007
300000041,式の加法・減法,200000008
300000042,いろいろな多項式の計算,200000008
300000043,単項式の乗法・除法,200000008
300000044,文字式の利用,200000008
300000045,連立方程式とその解,200000009
300000046,連立方程式の解き方,200000009
300000047,連立方程式の利用,200000009
300000048,一次関数,200000010
300000049,一次関数とグラフ,200000010
300000050,一次関数の値の変化,200000010
300000051,一次関数のグラフ,200000010
300000052,一次関数の式を求めること,200000010
300000053,方程式のグラフ,200000010
300000054,連立方程式とグラフ,200000010
300000055,一次関数の利用,200000010
300000056,角と平行線,200000011
300000057,多角形の角,200000011
300000058,三角形の合同,200000011
300000059,証明とそのしくみ,200000011
300000060,証明の進め方,200000011
300000061,二等辺三角形,200000012
300000062,直角三角形の合同,200000012
300000063,平行四辺形の性質,200000012
300000064,平行四辺形になるための条件,200000012
300000065,いろいろな四角形,200000012
300000066,平行線と面積,200000012
300000067,四角形の性質の利用,200000012
300000068,確率の求め方,200000013
300000069,いろいろな確率,200000013
300000070,確率の利用,200000013
300000071,箱ひげ図,200000014
300000072,データを活用して、問題を解決しよう(2),200000014
300000073,式の乗法・除法,200000015
300000074,乗法の公式,200000015
300000075,因数分解,200000015
300000076,式の計算の利用,200000015
300000077,平方根,200000016
300000078,平方根の値,200000016
300000079,有理数と無理数,200000016
300000080,真の値と近似値,200000016
300000081,根号を含む式の乗法・除法,200000016
300000082,根号を含む式の計算,200000016
300000083,平方根の利用,200000016
300000084,二次方程式とその解き方,200000017
300000085,二次方程式の解の公式,200000017
300000086,二次方程式と因数分解,200000017
300000087,二次方程式の利用,200000017
300000088,関数y=ax^2,200000018
300000089,関数y=ax^2のグラフ,200000018
300000090,関数y=ax^2の値の増減と変域,200000018
300000091,関数y=ax^2の変化の割合,200000018
300000092,関数y=ax^2の利用,200000018
300000093,いろいろな関数,200000018
300000094,相似な図形,200000019
300000095,三角形の相似条件,200000019
300000096,三角形の相似条件と証明,200000019
300000097,平行線と線分の比,200000019
300000098,中点連結定理,200000019
300000099,相似な図形の面積,200000019
300000100,相似な立体の表面積・体積,200000019
300000101,相似の利用,200000019
300000102,円周角と中心角,200000020
300000103,円周角の定理の逆,200000020
300000104,円の性質の利用,200000020
300000105,三平方の定理,200000021
300000106,三平方の定理の利用,200000021
300000107,標本調査の方法,200000022
300000108,母集団と標本の関係,200000022
300000109,データを活用して、問題を解決しよう(3),200000022
300000110,多項式の加法・減法・乗法,200000023
300000111,因数分解,200000023
300000112,実数,200000023
300000113,1次不等式,200000023
300000114,集合,200000024
300000115,命題と条件,200000024
300000116,命題と証明,200000024
300000117,関数とグラフ,200000025
300000118,2次関数のグラフとその移動,200000025
300000119,2次関数の最大・最小と決定,200000025
300000120,2次方程式,200000025
300000121,グラフと2次方程式,200000025
300000122,2次不等式,200000025
300000123,2次関数の関連発展問題,200000025
300000124,三角比の基本,200000026
300000125,三角比の拡張,200000026
300000126,三角比の関連発展問題,200000026
300000127,正弦定理と余弦定理,200000026
300000128,三角形の面積・空間図形への応用,200000026
300000129,データの整理・データの代表値,200000027
300000130,データの散らばり,200000027
300000131,分散と標準偏差,200000027
300000132,データの相関,200000027
300000133,仮説検定の考え方,200000027
300000134,集合の要素の個数,200000028
300000135,場合の数,200000028
300000136,順列,200000028
300000137,円順列・重複順列,200000028
300000138,組合せ,200000028
300000139,事象と確率,200000029
300000140,確率の基本性質,200000029
300000141,独立な試行・反復試行の確率,200000029
300000142,条件付き確率,200000029
300000143,期待値,200000029
300000144,三角形の辺の比・五心,200000030
300000145,チェバの定理・メネラウスの定理,200000030
300000146,三角形の辺と角,200000030
300000147,円に内接する四角形,200000030
300000148,円と直線・2つの円の位置関係,200000030
300000149,作図,200000030
300000150,空間図形,200000030
300000151,約数と倍数・最大公約数と最小公倍数,200000031
300000152,整数の割り算,200000031
300000153,発展 合同式,200000031
300000154,ユークリッドの互除法と1次不定方程式,200000031
300000155,関連発展問題（方程式の整数解）,200000031
300000156,記数法,200000031
300000157,座標の考え方,200000031
300000158,3次式の展開と因数分解・二項定理,200000032
300000159,多項式の割り算,200000032
300000160,分数式とその計算,200000032
300000161,恒等式,200000032
300000162,等式の証明,200000032
300000163,不等式の証明,200000032
300000164,複素数,200000033
300000165,2次方程式の解と判別式,200000033
300000166,解と係数の関係・解の存在範囲,200000033
300000167,剰余の定理と因数定理,200000033
300000168,高次方程式,200000033
300000169,直線上の点・平面上の点,200000034
300000170,直線の方程式・2直線の関係,200000034
300000171,線対称・点と直線の距離,200000034
300000172,円の方程式,200000034
300000173,円と直線,200000034
300000174,2つの円,200000034
300000175,軌跡と方程式,200000034
300000176,不等式の表す領域,200000034
300000177,一般角と弧度法,200000035
300000178,三角関数,200000035
300000179,三角関数の性質・グラフ,200000035
300000180,三角関数の応用,200000035
300000181,加法定理,200000035
300000182,加法定理の応用,200000035
300000183,三角関数の和と積の公式,200000035
300000184,三角関数の合成,200000035
300000185,指数の拡張,200000036
300000186,指数関数,200000036
300000187,対数とその性質,200000036
300000188,対数関数,200000036
300000189,常用対数,200000036
300000190,関連発展問題,200000036
300000191,微分係数と導関数,200000037
300000192,接線,200000037
300000193,関数の増減と極大・極小,200000037
300000194,最大値・最小値・方程式・不等式,200000037
300000195,関連発展問題,200000037
300000196,不定積分,200000038
300000197,定積分,200000038
300000198,面積,200000038
300000199,発展 体積,200000038
300000200,等差数列,200000039
300000201,等比数列,200000039
300000202,種々の数列,200000039
300000203,漸化式と数列,200000039
300000204,種々の漸化式,200000039
300000205,数学的帰納法,200000039
300000206,確率変数と確率分布,200000040
300000207,確率変数の和と積・二項分布,200000040
300000208,正規分布,200000040
300000209,母集団と標本,200000040
300000210,推定,200000040
300000211,仮説検定,200000040
300000212,分数関数・無理関数,200000041
300000213,逆関数と合成関数,200000041
300000214,数列の極限,200000042
300000215,無限級数,200000042
300000216,関数の極限,200000042
300000217,関数の連続性,200000042
300000218,微分係数と導関数,200000043
300000219,導関数の計算,200000043
300000220,いろいろな関数の導関数,200000043
300000221,関連発展問題,200000043
300000222,高次導関数・関数のいろいろな表し方と導関数,200000043
300000223,接線と法線,200000044
300000224,平均値の定理,200000044
300000225,関数の値の変化・最大・最小,200000044
300000226,関数のグラフ,200000044
300000227,方程式・不等式への応用,200000044
300000228,関連発展問題(極限が関連する問題),200000044
300000229,速度と加速度・近似式,200000044
300000230,不定積分とその基本性質,200000045
300000231,不定積分の置換積分法・部分積分法,200000045
300000232,いろいろな関数の不定積分,200000045
300000233,定積分とその基本性質,200000045
300000234,定積分の置換積分法・部分積分法,200000045
300000235,定積分で表された関数,200000045
300000236,定積分と和の極限・不等式,200000045
300000237,関連発展問題,200000045
300000238,面積,200000046
300000239,体積,200000046
300000240,曲線の長さ・速度と道のり,200000046
300000241,発展 微分方程式,200000046
300000242,ベクトルの演算,200000047
300000243,ベクトルの成分,200000047
300000244,ベクトルの内積,200000047
300000245,位置ベクトル・ベクトルと図形,200000047
300000246,ベクトル方程式,200000047
300000247,空間の座標,200000048
300000248,空間のベクトル・ベクトルの成分,200000048
300000249,空間のベクトルの内積,200000048
300000250,位置ベクトル・ベクトルと図形,200000048
300000251,座標空間の図形,200000048
300000252,発展 平面の方程式・直線の方程式,200000048
300000253,複素数平面,200000049
300000254,複素数の極形式と乗法・除法,200000049
300000255,ド・モアブルの定理,200000049
300000256,複素数と図形,200000049
300000257,関連発展問題,200000049
300000258,放物線・楕円・双曲線,200000050
300000259,2次曲線と直線,200000050
300000260,2次曲線の接線,200000050
300000261,2次曲線の性質・2次曲線と領域,200000050
300000262,媒介変数表示,200000050
300000263,極座標・極方程式,200000050
300000264,,
300000265,,
300000266,,
300000267,,
300000268,,
300000269,,
300000270,,
300000271,,
300000272,,