node_id,node,school_year,part_of
100000001,数学,,
200000001,正の数・負の数,中学1年,
200000002,文字の式,中学1年,
200000003,方程式,中学1年,
200000004,変化と対応,中学1年,
200000005,平面図形,中学1年,
200000006,空間図形,中学1年,
200000007,データの活用,中学1年,
200000008,式の計算,中学2年,
200000009,連立方程式,中学2年,
200000010,一次関数,中学2年,
200000011,図形の調べ方,中学2年,
200000012,図形の性質と証明,中学2年,
200000013,場合の数と確率,中学2年,
200000014,箱ひげ図とデータの活用,中学2年,
200000015,式の展開と因数分解,中学3年,
200000016,平方根,中学3年,
200000017,二次方程式,中学3年,
200000018,関数 y=ax^2,中学3年,
200000019,図形と相似,中学3年,
200000020,円の性質,中学3年,
200000021,三平方の定理,中学3年,
200000022,標本調査とデータの活用,中学3年,
200000023,数と式,高校1年,
200000024,集合と命題,高校1年,
200000025,2次関数,高校1年,
200000026,図形と計量,高校1年,
200000027,データの分析,高校1年,
200000028,場合の数,高校1年,
200000029,確率,高校1年,
200000030,図形の性質,高校1年,
200000031,数学と人間の活動,高校1年,
200000032,式と証明,高校2年,
200000033,複素数と方程式,高校2年,
200000034,図形と方程式,高校2年,
200000035,三角関数,高校2年,
200000036,指数関数と対数関数,高校2年,
200000037,微分法,高校2年,
200000038,積分法,高校2年,
200000039,数列,高校2年,
200000040,統計的な推測,高校2年,
200000041,関数,高校3年,
200000042,極限,高校3年,
200000043,微分法,高校3年,
200000044,微分法の応用,高校3年,
200000045,積分法,高校3年,
200000046,積分法の応用,高校3年,
200000047,平面上のベクトル,高校3年,
200000048,空間のベクトル,高校3年,
200000049,複素数平面,高校3年,
200000050,式と曲線,高校3年,
300000001,0より小さい数,中学1年,200000001
300000002,正の数・負の数で量を表すこと,中学1年,200000001
300000003,絶対値と数の大小,中学1年,200000001
300000004,正の数・負の数の加法・減法,中学1年,200000001
300000005,正の数・負の数の乗法・除法,中学1年,200000001
300000006,いろいろな計算,中学1年,200000001
300000007,数の世界のひろがり,中学1年,200000001
300000008,正の数・負の数の利用,中学1年,200000001
300000009,数量を文字で表すこと,中学1年,200000002
300000010,文字式の表し方,中学1年,200000002
300000011,式の値,中学1年,200000002
300000012,文字式の加法・減法,中学1年,200000002
300000013,文字式と数の乗法・除法,中学1年,200000002
300000014,関係を表す式,中学1年,200000002
300000015,方程式とその解,中学1年,200000003
300000016,方程式の解き方,中学1年,200000003
300000017,比と比例式,中学1年,200000003
300000018,方程式の利用,中学1年,200000003
300000019,関数,中学1年,200000004
300000020,比例の式,中学1年,200000004
300000021,座標,中学1年,200000004
300000022,比例のグラフ,中学1年,200000004
300000023,反比例の式,中学1年,200000004
300000024,反比例のグラフ,中学1年,200000004
300000025,比例・反比例の利用,中学1年,200000004
300000026,直線と図形,中学1年,200000005
300000027,図形の移動,中学1年,200000005
300000028,基本の作図,中学1年,200000005
300000029,図形の移動と基本の作図の利用,中学1年,200000005
300000030,円とおうぎ形の性質,中学1年,200000005
300000031,円とおうぎ形の計量,中学1年,200000005
300000032,いろいろな立体,中学1年,200000006
300000033,空間内の平面と直線,中学1年,200000006
300000034,立体の構成,中学1年,200000006
300000035,立体の体積,中学1年,200000006
300000036,立体の表面積,中学1年,200000006
300000037,データを活用して・問題を解決しよう(1),中学1年,200000007
300000038,整理されたデータから読みとろう,中学1年,200000007
300000039,相対度数と確率,中学1年,200000007
300000040,式の加法・減法,中学2年,200000008
300000041,いろいろな多項式の計算,中学2年,200000008
300000042,単項式の乗法・除法,中学2年,200000008
300000043,文字式の利用,中学2年,200000008
300000044,連立方程式とその解,中学2年,200000009
300000045,連立方程式の解き方,中学2年,200000009
300000046,連立方程式の利用,中学2年,200000009
300000047,一次関数,中学2年,200000010
300000048,一次関数の値の変化,中学2年,200000010
300000049,一次関数のグラフ,中学2年,200000010
300000050,一次関数の式を求めること,中学2年,200000010
300000051,方程式とグラフ,中学2年,200000010
300000052,連立方程式とグラフ,中学2年,200000010
300000053,一次関数の利用,中学2年,200000010
300000054,角と平行線,中学2年,200000011
300000055,多角形の角,中学2年,200000011
300000056,三角形の合同,中学2年,200000011
300000057,証明とそのしくみ,中学2年,200000011
300000058,証明の進め方,中学2年,200000011
300000059,二等辺三角形,中学2年,200000012
300000060,直角三角形の合同,中学2年,200000012
300000061,平行四辺形の性質,中学2年,200000012
300000062,平行四辺形になるための条件,中学2年,200000012
300000063,いろいろな四角形,中学2年,200000012
300000064,平行線と面積,中学2年,200000012
300000065,四角形の性質の利用,中学2年,200000012
300000066,確率の求め方,中学2年,200000013
300000067,いろいろな確率,中学2年,200000013
300000068,確率の利用,中学2年,200000013
300000069,箱ひげ図,中学2年,200000014
300000070,データを活用して・問題を解決しよう(2),中学2年,200000014
300000071,式の乗法・除法,中学3年,200000015
300000072,乗法の公式,中学3年,200000015
300000073,因数分解,中学3年,200000015
300000074,式の計算の利用,中学3年,200000015
300000075,平方根,中学3年,200000016
300000076,平方根の値,中学3年,200000016
300000077,有理数と無理数,中学3年,200000016
300000078,真の値と近似値,中学3年,200000016
300000079,根号をふくむ式の乗法・除法,中学3年,200000016
300000080,根号をふくむ式の計算,中学3年,200000016
300000081,平方根の利用,中学3年,200000016
300000082,二次方程式とその解き方,中学3年,200000017
300000083,二次方程式の解の公式,中学3年,200000017
300000084,二次方程式と因数分解,中学3年,200000017
300000085,二次方程式の利用,中学3年,200000017
300000086,関数 y=ax^2,中学3年,200000018
300000087,関数 y=ax^2のグラフ,中学3年,200000018
300000088,関数 y=ax^2の値の増減と変域,中学3年,200000018
300000089,関数 y=ax^2の変化の割合,中学3年,200000018
300000090,関数 y=ax^2の利用,中学3年,200000018
300000091,いろいろな関数,中学3年,200000018
300000092,相似な図形,中学3年,200000019
300000093,三角形の相似条件,中学3年,200000019
300000094,三角形の相似条件と証明,中学3年,200000019
300000095,平行線と線分の比,中学3年,200000019
300000096,中点連結定理,中学3年,200000019
300000097,相似な図形の面積,中学3年,200000019
300000098,相似な立体の表面積・体積,中学3年,200000019
300000099,相似の利用,中学3年,200000019
300000100,円周角と中心角,中学3年,200000020
300000101,円周角の定理の逆,中学3年,200000020
300000102,円の性質の利用,中学3年,200000020
300000103,三平方の定理,中学3年,200000021
300000104,三平方の定理の利用,中学3年,200000021
300000105,標本調査の方法,中学3年,200000022
300000106,母集団と標本の関係,中学3年,200000022
300000107,データを活用して・問題を解決しよう(3),中学3年,200000022
300000108,多項式の加法・減法・乗法,高校1年,200000023
300000109,因数分解,高校1年,200000023
300000110,実数,高校1年,200000023
300000111,1次不等式,高校1年,200000023
300000112,集合,高校1年,200000024
300000113,命題と条件,高校1年,200000024
300000114,命題と証明,高校1年,200000024
300000115,関数とグラフ,高校1年,200000025
300000116,2次関数のグラフとその移動,高校1年,200000025
300000117,2次関数の最大・最小と決定,高校1年,200000025
300000118,2次方程式,高校1年,200000025
300000119,グラフと2次方程式,高校1年,200000025
300000120,2次不等式,高校1年,200000025
300000121,2次関数の関連発展問題,高校1年,200000025
300000122,三角比の基本,高校1年,200000026
300000123,三角比の拡張,高校1年,200000026
300000124,三角比の関連発展問題,高校1年,200000026
300000125,正弦定理と余弦定理,高校1年,200000026
300000126,三角形の面積・空間図形への応用,高校1年,200000026
300000127,データの整理・データの代表値,高校1年,200000027
300000128,データの散らばり,高校1年,200000027
300000129,分散と標準偏差,高校1年,200000027
300000130,データの相関,高校1年,200000027
300000131,仮説検定の考え方,高校1年,200000027
300000132,集合の要素の個数,高校1年,200000028
300000133,場合の数,高校1年,200000028
300000134,順列,高校1年,200000028
300000135,円順列・重複順列,高校1年,200000028
300000136,組合せ,高校1年,200000028
300000137,事象と確率,高校1年,200000029
300000138,確率の基本性質,高校1年,200000029
300000139,独立な試行・反復試行の確率,高校1年,200000029
300000140,条件付き確率,高校1年,200000029
300000141,期待値,高校1年,200000029
300000142,三角形の辺の比・五心,高校1年,200000030
300000143,チェバの定理・メネラウスの定理,高校1年,200000030
300000144,三角形の辺と角,高校1年,200000030
300000145,円に内接する四角形,高校1年,200000030
300000146,円と直線・2つの円の位置関係,高校1年,200000030
300000147,作図,高校1年,200000030
300000148,空間図形,高校1年,200000030
300000149,約数と倍数・最大公約数と最小公倍数,高校1年,200000031
300000150,整数の割り算,高校1年,200000031
300000151,発展 合同式,高校1年,200000031
300000152,ユークリッドの互除法と1次不定方程式,高校1年,200000031
300000153,関連発展問題（方程式の整数解）,高校1年,200000031
300000154,記数法,高校1年,200000031
300000155,座標の考え方,高校1年,200000031
300000156,3次式の展開と因数分解・二項定理,高校2年,200000032
300000157,多項式の割り算,高校2年,200000032
300000158,分数式とその計算,高校2年,200000032
300000159,恒等式,高校2年,200000032
300000160,等式の証明,高校2年,200000032
300000161,不等式の証明,高校2年,200000032
300000162,複素数,高校2年,200000033
300000163,2次方程式の解と判別式,高校2年,200000033
300000164,解と係数の関係・解の存在範囲,高校2年,200000033
300000165,剰余の定理と因数定理,高校2年,200000033
300000166,高次方程式,高校2年,200000033
300000167,直線上の点・平面上の点,高校2年,200000034
300000168,直線の方程式・2直線の関係,高校2年,200000034
300000169,線対称・点と直線の距離,高校2年,200000034
300000170,円の方程式,高校2年,200000034
300000171,円と直線,高校2年,200000034
300000172,2つの円,高校2年,200000034
300000173,軌跡と方程式,高校2年,200000034
300000174,不等式の表す領域,高校2年,200000034
300000175,一般角と弧度法,高校2年,200000035
300000176,三角関数,高校2年,200000035
300000177,三角関数の性質・グラフ,高校2年,200000035
300000178,三角関数の応用,高校2年,200000035
300000179,加法定理,高校2年,200000035
300000180,加法定理の応用,高校2年,200000035
300000181,三角関数の和と積の公式,高校2年,200000035
300000182,三角関数の合成,高校2年,200000035
300000183,指数の拡張,高校2年,200000036
300000184,指数関数,高校2年,200000036
300000185,対数とその性質,高校2年,200000036
300000186,対数関数,高校2年,200000036
300000187,常用対数,高校2年,200000036
300000188,関連発展問題,高校2年,200000036
300000189,微分係数と導関数,高校2年,200000037
300000190,接線,高校2年,200000037
300000191,関数の増減と極大・極小,高校2年,200000037
300000192,最大値・最小値・方程式・不等式,高校2年,200000037
300000193,関連発展問題,高校2年,200000037
300000194,不定積分,高校2年,200000038
300000195,定積分,高校2年,200000038
300000196,面積,高校2年,200000038
300000197,発展 体積,高校2年,200000038
300000198,等差数列,高校2年,200000039
300000199,等比数列,高校2年,200000039
300000200,種々の数列,高校2年,200000039
300000201,漸化式と数列,高校2年,200000039
300000202,種々の漸化式,高校2年,200000039
300000203,数学的帰納法,高校2年,200000039
300000204,確率変数と確率分布,高校2年,200000040
300000205,確率変数の和と積・二項分布,高校2年,200000040
300000206,正規分布,高校2年,200000040
300000207,母集団と標本,高校2年,200000040
300000208,推定,高校2年,200000040
300000209,仮説検定,高校2年,200000040
300000210,分数関数・無理関数,高校3年,200000041
300000211,逆関数と合成関数,高校3年,200000041
300000212,数列の極限,高校3年,200000042
300000213,無限級数,高校3年,200000042
300000214,関数の極限,高校3年,200000042
300000215,関数の連続性,高校3年,200000042
300000216,微分係数と導関数,高校3年,200000043
300000217,導関数の計算,高校3年,200000043
300000218,いろいろな関数の導関数,高校3年,200000043
300000219,関連発展問題,高校3年,200000043
300000220,高次導関数・関数のいろいろな表し方と導関数,高校3年,200000043
300000221,接線と法線,高校3年,200000044
300000222,平均値の定理,高校3年,200000044
300000223,関数の値の変化・最大・最小,高校3年,200000044
300000224,関数のグラフ,高校3年,200000044
300000225,方程式・不等式への応用,高校3年,200000044
300000226,関連発展問題(極限が関連する問題),高校3年,200000044
300000227,速度と加速度・近似式,高校3年,200000044
300000228,不定積分とその基本性質,高校3年,200000045
300000229,不定積分の置換積分法・部分積分法,高校3年,200000045
300000230,いろいろな関数の不定積分,高校3年,200000045
300000231,定積分とその基本性質,高校3年,200000045
300000232,定積分の置換積分法・部分積分法,高校3年,200000045
300000233,定積分で表された関数,高校3年,200000045
300000234,定積分と和の極限・不等式,高校3年,200000045
300000235,関連発展問題,高校3年,200000045
300000236,面積,高校3年,200000046
300000237,体積,高校3年,200000046
300000238,曲線の長さ・速度と道のり,高校3年,200000046
300000239,発展 微分方程式,高校3年,200000046
300000240,ベクトルの演算,高校3年,200000047
300000241,ベクトルの成分,高校3年,200000047
300000242,ベクトルの内積,高校3年,200000047
300000243,位置ベクトル・ベクトルと図形,高校3年,200000047
300000244,ベクトル方程式,高校3年,200000047
300000245,空間の座標,高校3年,200000048
300000246,空間のベクトル・ベクトルの成分,高校3年,200000048
300000247,空間のベクトルの内積,高校3年,200000048
300000248,位置ベクトル・ベクトルと図形,高校3年,200000048
300000249,座標空間の図形,高校3年,200000048
300000250,発展 平面の方程式・直線の方程式,高校3年,200000048
300000251,複素数平面,高校3年,200000049
300000252,複素数の極形式と乗法・除法,高校3年,200000049
300000253,ド・モアブルの定理,高校3年,200000049
300000254,複素数と図形,高校3年,200000049
300000255,関連発展問題,高校3年,200000049
300000256,放物線・楕円・双曲線,高校3年,200000050
300000257,2次曲線と直線,高校3年,200000050
300000258,2次曲線の接線,高校3年,200000050
300000259,2次曲線の性質・2次曲線と領域,高校3年,200000050
300000260,媒介変数表示,高校3年,200000050
300000261,極座標・極方程式,高校3年,200000050
990000001,～から～まで,,
990000002,～ずつ減る,,
990000003,～ずつ増える,,
990000004,～だけ,,
990000005,～とは限らない,,
990000006,～とみなす,,
990000007,～とみる,,
990000008,～を使って,,
990000009,0に近づく,,
990000010,0より小さい,,
990000011,1/1000の位,,
990000012,1/100の位,,
990000013,1/10の位,,
990000014,1000以下,,
990000015,100より大きい,,
990000016,10以上,,
990000017,1階,,
990000018,1次,,
990000019,1次の近似式,,
990000020,1次の項,,
990000021,1次関数,,
990000022,1次結合,,
990000023,1次式,,
990000024,1次従属,,
990000025,1次独立,,
990000026,1次不定方程式,,
990000027,1次不等式,,
990000028,1次分数変換,,
990000029,1次方程式,,
990000030,1組の,,
990000031,1対1,,
990000032,2/3,,
990000033,2の補数表現,,
990000034,2階（微分方程式）,,
990000035,2割り増し,,
990000036,2元1次方程式,,
990000037,2次の近似式,,
990000038,2次関数,,
990000039,2次曲線,,
990000040,2次式,,
990000041,2次不等式,,
990000042,2次方程式,,
990000043,2重解,,
990000044,2乗,,
990000045,2乗に比例,,
990000046,2乗根,,
990000047,2倍角の公式,,
990000048,3より2大きい,,
990000049,3割引,,
990000050,3重解,,
990000051,3乗,,
990000052,3杯,,
990000053,3倍角の公式,,
990000054,3分の2,,
990000055,3分前,,
990000056,4未満,,
990000057,5より6小さい,,
990000058,5分後,,
990000059,６通り,,
990000060,9点円,,
990000061,AならばB,,
990000062,aの平方根,,
990000063,AはBの特別なものである,,
990000064,Cardanoの解法,,
990000065,DNA型鑑定,,
990000066,n次式,,
990000067,n次方程式,,
990000068,n乗,,
990000069,n乗根,,
990000070,n進数,,
990000071,n進法,,
990000072,xy平面,,
990000073,xが1ずつ増加すると,,
990000074,xについて解く,,
990000075,xの増分,,
990000076,xの値が2のとき,,
990000077,x座標,,
990000078,x軸,,
990000079,x軸について対称,,
990000080,x成分,,
990000081,x切片,,
990000082,yz平面,,
990000083,yの増分,,
990000084,yはxの関数である,,
990000085,y座標,,
990000086,y軸について対称,,
990000087,y成分,,
990000088,y切片,,
990000089,zx平面,,
990000090,z座標,,
990000091,アステロイド,,
990000092,アポロニウスの円,,
990000093,アラビア数字,,
990000094,アルキメデスの渦巻線,,
990000095,ある数,,
990000096,イェンセンの不等式,,
990000097,いくらですか,,
990000098,いずれかの,,
990000099,いつでも,,
990000100,いろいろな,,
990000101,ウォリスの公式,,
990000102,エピサイクロイド,,
990000103,エラトステネスの篩,,
990000104,オイラーの公式,,
990000105,オイラーの多面体定理,,
990000106,オイラー関数,,
990000107,オイラー線,,
990000108,おうぎ形,,
990000109,おはじき,,
990000110,おもり,,
990000111,およその数,,
990000112,カージオイド,,
990000113,カード,,
990000114,ガウス記号,,
990000115,ガウス平面,,
990000116,かけられる数,,
990000117,かける数,,
990000118,かけ算,,
990000119,かさ,,
990000120,カタラン数,,
990000121,カテナリー,,
990000122,カレンダー,,
990000123,ガンマ関数,,
990000124,くじびき,,
990000125,グラフ,,
990000126,くりあげる,,
990000127,くりさがる,,
990000128,くりだす,,
990000129,くり下がり,,
990000130,くり上がり,,
990000131,ゲーム,,
990000132,けしごむ,,
990000133,コーシーの平均値の定理,,
990000134,コサイン,,
990000135,コッホ雪片,,
990000136,コンパス,,
990000137,サイクロイド,,
990000138,さいころ,,
990000139,サイン,,
990000140,しきつめ,,
990000141,じゃんけん,,
990000142,ジューコフスキー変換,,
990000143,じゅず順列,,
990000144,シュワルツの不等式,,
990000145,すじ道をたてる,,
990000146,ずらす,,
990000147,それぞれ,,
990000148,そろばん,,
990000149,たし算,,
990000150,たすき掛け,,
990000151,タンジェント,,
990000152,チェバの定理,,
990000153,チェバの定理の逆,,
990000154,ちょうど,,
990000155,つくる角,,
990000156,データ,,
990000157,デザルグの定理,,
990000158,てんびん,,
990000159,ド・モアブルの定理,,
990000160,ド・モルガンの法則,,
990000161,ともなって変わる,,
990000162,とらんぷ,,
990000163,トレミーの定理,,
990000164,どれも,,
990000165,トロコイド,,
990000166,ドント式,,
990000167,どんな,,
990000168,なす角,,
990000169,なぞる,,
990000170,ニュートンの定理,,
990000171,ネイピアの数,,
990000172,ねじれの位置,,
990000173,のばす,,
990000174,の下底,,
990000175,の上底,,
990000176,パイ,,
990000177,ハイポサイクロイド,,
990000178,はかり,,
990000179,はさみうちの原理,,
990000180,パスカルの三角形,,
990000181,パップス-ギュルダンの定理,,
990000182,パップスの定理,,
990000183,ハム・サンドイッチの定理,,
990000184,パラメータ,,
990000185,パラメータ表示,,
990000186,バラ曲線,,
990000187,パンケーキの定理,,
990000188,ひき算,,
990000189,ひく数,,
990000190,ひし形,,
990000191,ヒストグラム,,
990000192,ピタゴラスの定理,,
990000193,ピタゴラス音律,,
990000194,ピタゴラス数,,
990000195,ピックの定理,,
990000196,ぴったり重なる,,
990000197,ビット,,
990000198,ビットパターン,,
990000199,ひも,,
990000200,ひろげる,,
990000201,フィボナッチ数列,,
990000202,フェルマーの小定理,,
990000203,フェルマの小定理,,
990000204,フォイエルバッハの定理,,
990000205,ブラーマグプタの公式,,
990000206,フラクタル図形,,
990000207,ブレーキ,,
990000208,ベイズの定理,,
990000209,ベータ関数,,
990000210,ベクトル,,
990000211,ベクトル方程式,,
990000212,ヘロンの公式,,
990000213,ベンフォードの法則,,
990000214,ベン図,,
990000215,ボール,,
990000216,マクローリンの定理,,
990000217,ます,,
990000218,ます目,,
990000219,マッチ棒,,
990000220,メジアン,,
990000221,メネラウスの定理,,
990000222,メネラウスの定理の逆,,
990000223,メルカトル級数,,
990000224,メルセンヌ数,,
990000225,メルセンヌ素数,,
990000226,モード,,
990000227,ものさし,,
990000228,もらう,,
990000229,ヤングの不等式,,
990000230,ユークリッドの互除法,,
990000231,よみとる,,
990000232,ライプニッツの定理,,
990000233,ライプニッツ級数,,
990000234,ラジアン,,
990000235,らせん,,
990000236,リサージュ曲線,,
990000237,リマソン,,
990000238,レムニスケート,,
990000239,ローマ数字,,
990000240,ロピタルの定理,,
990000241,ロルの定理,,
990000242,わられる数,,
990000243,わり算,,
990000244,わる数,,
990000245,暗算,,
990000246,以下,,
990000247,以上,,
990000248,位,,
990000249,位取り,,
990000250,位取り記数法,,
990000251,位置,,
990000252,位置ベクトル,,
990000253,位置関係,,
990000254,囲まれている,,
990000255,異なる,,
990000256,移項,,
990000257,移項（不等式）,,
990000258,移動,,
990000259,違う,,
990000260,一の位,,
990000261,一緒にする,,
990000262,一致する,,
990000263,一致法,,
990000264,一定な,,
990000265,一定の,,
990000266,一杯になる,,
990000267,一般解,,
990000268,一般角,,
990000269,一般形,,
990000270,一般項,,
990000271,一部分を,,
990000272,一万の位,,
990000273,因数,,
990000274,因数定理,,
990000275,因数分解,,
990000276,陰関数,,
990000277,右下がり,,
990000278,右上がり,,
990000279,右側極限,,
990000280,右側微分係数,,
990000281,右辺,,
990000282,運賃,,
990000283,影をつけた部分,,
990000284,鋭角,,
990000285,鋭角三角形,,
990000286,円,,
990000287,円グラフ,,
990000288,円すい,,
990000289,円のベクトル方程式,,
990000290,円の方程式,,
990000291,円周,,
990000292,円周角,,
990000293,円周角の定理,,
990000294,円周角の定理の逆,,
990000295,円周率,,
990000296,円順列,,
990000297,円錐曲線,,
990000298,円柱,,
990000299,延長線,,
990000300,塩基配列,,
990000301,凹関数,,
990000302,横,,
990000303,王冠,,
990000304,黄金長方形,,
990000305,黄金比,,
990000306,温度計,,
990000307,音の速さ,,
990000308,下に凸,,
990000309,下ろす,,
990000310,下端,,
990000311,仮説,,
990000312,仮説検定,,
990000313,仮定,,
990000314,仮分数,,
990000315,仮平均,,
990000316,何円ですか,,
990000317,何時,,
990000318,何時半,,
990000319,何倍,,
990000320,"価格,売値",,
990000321,加減法,,
990000322,加速度,,
990000323,加速度の大きさ,,
990000324,加速度ベクトル,,
990000325,加比の理,,
990000326,加比定理,,
990000327,加法,,
990000328,加法定理,,
990000329,花壇,,
990000330,過剰数,,
990000331,画鋲,,
990000332,解,,
990000333,解く,,
990000334,解と係数の関係,,
990000335,解の公式,,
990000336,回す,,
990000337,回帰直線,,
990000338,回転,,
990000339,回転の軸,,
990000340,回転の中心,,
990000341,回転移動,,
990000342,回転数,,
990000343,回転体,,
990000344,海面,,
990000345,絵札,,
990000346,開区間,,
990000347,開平,,
990000348,階級,,
990000349,階級の幅,,
990000350,階級値,,
990000351,階差数列,,
990000352,階乗,,
990000353,外れ値,,
990000354,外角,,
990000355,外角の二等分線の定理,,
990000356,外角の和,,
990000357,外項,,
990000358,外心,,
990000359,外積,,
990000360,外接,,
990000361,外接する,,
990000362,外接円,,
990000363,外接四角形,,
990000364,外分,,
990000365,外分点,,
990000366,外分点の位置ベクトル,,
990000367,外分点の座標,,
990000368,概数,,
990000369,拡大,,
990000370,拡大図,,
990000371,格子点,,
990000372,確率,,
990000373,確率分布,,
990000374,確率変数,,
990000375,確率変数の変換,,
990000376,確率密度関数,,
990000377,角,,
990000378,角すい,,
990000379,角の大きさ,,
990000380,角速度,,
990000381,角柱,,
990000382,角度,,
990000383,掛く,,
990000384,割,,
990000385,割りきれる,,
990000386,割り切れない,,
990000387,割り切れる,,
990000388,割合,,
990000389,割線,,
990000390,括弧をはずす,,
990000391,巻尺,,
990000392,完全順列,,
990000393,完全数,,
990000394,簡単にする,,
990000395,間違い,,
990000396,間接証明法,,
990000397,関係,,
990000398,関数,,
990000399,関数方程式,,
990000400,含まれる,,
990000401,含む,,
990000402,危険率,,
990000403,基準,,
990000404,基数,,
990000405,基本ベクトル,,
990000406,基本形,,
990000407,基本作図,,
990000408,基本対称式,,
990000409,奇関数,,
990000410,奇数,,
990000411,既約分数,,
990000412,既約分数式,,
990000413,期待金額,,
990000414,期待値,,
990000415,棄却する,,
990000416,棄却域,,
990000417,帰り,,
990000418,帰納的定義,,
990000419,帰無仮説,,
990000420,気温,,
990000421,記号,,
990000422,起こり得る場合,,
990000423,軌跡,,
990000424,偽,,
990000425,逆,,
990000426,逆ベクトル,,
990000427,逆関数,,
990000428,逆三角関数,,
990000429,逆算,,
990000430,逆数,,
990000431,逆像法,,
990000432,球,,
990000433,球面のベクトル方程式,,
990000434,球面の方程式,,
990000435,虚軸,,
990000436,虚数,,
990000437,虚数解,,
990000438,虚数単位,,
990000439,虚部,,
990000440,距離,,
990000441,共円,,
990000442,共円条件,,
990000443,共円点,,
990000444,共線,,
990000445,共線条件,,
990000446,共通因数,,
990000447,共通外接円,,
990000448,共通外接線,,
990000449,共通弦,,
990000450,共通垂線,,
990000451,共通接線,,
990000452,共通接線の長さ,,
990000453,共通内接線,,
990000454,共通部分,,
990000455,共点,,
990000456,共点条件,,
990000457,共分散,,
990000458,共面,,
990000459,共面条件,,
990000460,共役な複素数,,
990000461,共役複素数,,
990000462,境界線,,
990000463,鏡,,
990000464,鏡像,,
990000465,仰角,,
990000466,曲線,,
990000467,"曲線F(x,y)＝0",,
990000468,曲線の方程式,,
990000469,曲面,,
990000470,極,,
990000471,極形式,,
990000472,極限,,
990000473,極限は正の無限大,,
990000474,極限は負の無限大,,
990000475,極限値,,
990000476,極座標,,
990000477,極小,,
990000478,極小値,,
990000479,極線,,
990000480,極大,,
990000481,極大値,,
990000482,極値,,
990000483,極方程式,,
990000484,近似,,
990000485,近似値,,
990000486,金額,,
990000487,九九,,
990000488,区間,,
990000489,区間で微分可能,,
990000490,区間で連続,,
990000491,区分求積法,,
990000492,空間図形,,
990000493,空事象,,
990000494,空集合,,
990000495,偶関数,,
990000496,偶数,,
990000497,個数定理,,
990000498,群数列,,
990000499,係数,,
990000500,係数比較法,,
990000501,傾き,,
990000502,形,,
990000503,罫線,,
990000504,計算,,
990000505,結ぶ,,
990000506,結合法則,,
990000507,結論,,
990000508,建物,,
990000509,検算,,
990000510,見込む角,,
990000511,見取図,,
990000512,見積り,,
990000513,元,,
990000514,原因の確率,,
990000515,原価,,
990000516,原始ｎ乗根,,
990000517,原始関数,,
990000518,原点,,
990000519,弦,,
990000520,減少する,,
990000521,減法,,
990000522,言葉の式,,
990000523,限りなく近づく,,
990000524,個数,,
990000525,弧,,
990000526,弧度法,,
990000527,五角すい,,
990000528,五角形,,
990000529,五角柱,,
990000530,五面体,,
990000531,互いに素,,
990000532,互除法,,
990000533,午後,,
990000534,午前,,
990000535,誤差,,
990000536,交わる,,
990000537,交換法則,,
990000538,交線,,
990000539,交代式,,
990000540,交点,,
990000541,公差,,
990000542,公式,,
990000543,公倍数,,
990000544,公比,,
990000545,公約数,,
990000546,勾配,,
990000547,工作用紙,,
990000548,広義の定積分,,
990000549,広義積分,,
990000550,恒等関数,,
990000551,恒等式,,
990000552,行き,,
990000553,降べきの順,,
990000554,項,,
990000555,項にふくまれる文字,,
990000556,項数,,
990000557,高さ,,
990000558,高次導関数,,
990000559,高次方程式,,
990000560,合わせると,,
990000561,合計,,
990000562,合成関数,,
990000563,合成数,,
990000564,合同,,
990000565,合同式,,
990000566,合同条件,,
990000567,根元事象,,
990000568,根号,,
990000569,左側極限,,
990000570,左側微分係数,,
990000571,左辺,,
990000572,差,,
990000573,座席,,
990000574,座標,,
990000575,座標空間,,
990000576,座標軸,,
990000577,座標軸に垂直な平面の方程式,,
990000578,座標平面,,
990000579,最高気温,,
990000580,最小,,
990000581,最小の数は1,,
990000582,最小公倍数,,
990000583,最小値,,
990000584,最大,,
990000585,最大の数は36,,
990000586,最大公約数,,
990000587,最大値,,
990000588,最大値・最小値の定理,,
990000589,最短の,,
990000590,最低気温,,
990000591,最頻値,,
990000592,際限なくのびる,,
990000593,作図,,
990000594,作図の完全解,,
990000595,作図の公法,,
990000596,錯角,,
990000597,三つ子素数,,
990000598,三角すい,,
990000599,三角関数,,
990000600,三角関数の合成,,
990000601,三角関数の相互関係,,
990000602,三角形,,
990000603,三角形の五心,,
990000604,三角形の合同条件,,
990000605,三角形の成立条件,,
990000606,三角形の相似条件,,
990000607,三角形を解く,,
990000608,三角柱,,
990000609,三角定規,,
990000610,三角比,,
990000611,三角不等式,,
990000612,三角方程式,,
990000613,三脚,,
990000614,三垂線の定理,,
990000615,三平方の定理,,
990000616,散布図,,
990000617,四角すい,,
990000618,四角形,,
990000619,四角柱,,
990000620,四捨五入,,
990000621,四則,,
990000622,四分位数,,
990000623,四分位範囲,,
990000624,四分位偏差,,
990000625,四面体,,
990000626,四面体の重心,,
990000627,始線,,
990000628,始点,,
990000629,指数,,
990000630,指数関数,,
990000631,指数不等式,,
990000632,指数方程式,,
990000633,指数法則,,
990000634,支出,,
990000635,支払う,,
990000636,紙に写す,,
990000637,試行,,
990000638,事後確率,,
990000639,事象,,
990000640,事前確率,,
990000641,時,,
990000642,時間,,
990000643,時計,,
990000644,時刻,,
990000645,時差,,
990000646,次数,,
990000647,自然数,,
990000648,自然対数,,
990000649,自転車,,
990000650,自動車,,
990000651,辞書式配列法,,
990000652,式,,
990000653,式の値,,
990000654,式を展開する,,
990000655,軸,,
990000656,実験,,
990000657,実軸,,
990000658,実数,,
990000659,実数解,,
990000660,実数倍,,
990000661,実測,,
990000662,実部,,
990000663,写真,,
990000664,斜交座標,,
990000665,斜辺,,
990000666,斜面,,
990000667,主軸,,
990000668,樹形図,,
990000669,収束,,
990000670,収入,,
990000671,周,,
990000672,周期,,
990000673,周期関数,,
990000674,周辺分布,,
990000675,終点,,
990000676,集合,,
990000677,十の位,,
990000678,十進法,,
990000679,十分条件,,
990000680,分布に従う,,
990000681,従属,,
990000682,縦,,
990000683,重さ,,
990000684,重なる点,,
990000685,重ねる,,
990000686,重解,,
990000687,重心,,
990000688,重心の位置ベクトル,,
990000689,重心の座標,,
990000690,重複順列,,
990000691,重複組合せ,,
990000692,縮小,,
990000693,縮図,,
990000694,出会う,,
990000695,出生数,,
990000696,出発,,
990000697,瞬間の速さ,,
990000698,循環小数,,
990000699,循環的に変える,,
990000700,準円,,
990000701,準正多面体,,
990000702,準線,,
990000703,純虚数,,
990000704,順番にかく,,
990000705,順列,,
990000706,初期条件,,
990000707,初項,,
990000708,除外点,,
990000709,除法,,
990000710,除法の原理,,
990000711,除法を乗法になおす,,
990000712,商,,
990000713,小刻みに点をとる,,
990000714,小数,,
990000715,小数第一位,,
990000716,小数第三位,,
990000717,小数第二位,,
990000718,小数点,,
990000719,小数部分,,
990000720,少なくとも,,
990000721,昇べきの順,,
990000722,消去する,,
990000723,消極的容認,,
990000724,焦点,,
990000725,証明,,
990000726,象限の角,,
990000727,上に凸,,
990000728,上端,,
990000729,乗法,,
990000730,乗法定理,,
990000731,剰余の定理,,
990000732,剰余系,,
990000733,剰余類,,
990000734,場合の数,,
990000735,常用対数,,
990000736,常用対数表,,
990000737,条件,,
990000738,条件式,,
990000739,条件付き確率,,
990000740,信用創造,,
990000741,信頼区間,,
990000742,信頼度,,
990000743,心臓形,,
990000744,振り子,,
990000745,振動,,
990000746,真,,
990000747,真数,,
990000748,真分数,,
990000749,真理集合,,
990000750,針金,,
990000751,人口密度,,
990000752,人数,,
990000753,図形,,
990000754,垂心,,
990000755,垂線,,
990000756,垂線の足,,
990000757,垂直,,
990000758,垂直条件,,
990000759,垂直二等分線,,
990000760,推移律,,
990000761,水位,,
990000762,水深,,
990000763,水槽,,
990000764,水平,,
990000765,数,,
990000766,数あて,,
990000767,数学的帰納法,,
990000768,数値代入法,,
990000769,数直線,,
990000770,数量,,
990000771,数列,,
990000772,制動距離,,
990000773,性質,,
990000774,成り立つ,,
990000775,成分,,
990000776,成分表示,,
990000777,整式,,
990000778,整数,,
990000779,整数解,,
990000780,整数部分,,
990000781,星の形,,
990000782,星形,,
990000783,星芒形,,
990000784,正ｎ角形の中心,,
990000785,正しい,,
990000786,正の角,,
990000787,正の向き,,
990000788,正の項,,
990000789,正の相関関係,,
990000790,正の符号,,
990000791,正の無限大に発散,,
990000792,正渦線,,
990000793,正規近似,,
990000794,正規分布,,
990000795,正規分布曲線,,
990000796,正弦,,
990000797,正弦曲線,,
990000798,正弦定理,,
990000799,正三角形,,
990000800,正三角柱,,
990000801,正四角形,,
990000802,正四面体,,
990000803,正射影,,
990000804,正射影ベクトル,,
990000805,正十二面体,,
990000806,正接,,
990000807,正接曲線,,
990000808,正像法,,
990000809,正多角形,,
990000810,正多面体,,
990000811,正二十面体,,
990000812,正八面体,,
990000813,正方形,,
990000814,正葉曲線,,
990000815,正領域,,
990000816,正六面体,,
990000817,西,,
990000818,積,,
990000819,積→和の公式,,
990000820,積の法則,,
990000821,積み重ねる,,
990000822,積事象,,
990000823,積分する,,
990000824,積分における平均値の定理,,
990000825,積分区間,,
990000826,積分定数,,
990000827,積分変数,,
990000828,切り上げ,,
990000829,切る,,
990000830,切頂八面体,,
990000831,切片,,
990000832,接する,,
990000833,接弦定理,,
990000834,接弦定理の逆,,
990000835,接線,,
990000836,接線の長さ,,
990000837,接点,,
990000838,折り紙,,
990000839,折り目,,
990000840,折る,,
990000841,折れ線グラフ,,
990000842,絶対値,,
990000843,絶対不等式,,
990000844,千の位,,
990000845,線形計画法,,
990000846,線対称,,
990000847,線対称図形,,
990000848,線分,,
990000849,選び方,,
990000850,漸化式,,
990000851,漸近線,,
990000852,全事象,,
990000853,全数調査,,
990000854,全体の個数,,
990000855,全体集合,,
990000856,全部で,,
990000857,素因数,,
990000858,素因数分解,,
990000859,素因数分解の一意性,,
990000860,素数,,
990000861,組合せ,,
990000862,組立除法,,
990000863,双曲線,,
990000864,双曲線関数,,
990000865,双子素数,,
990000866,相加平均,,
990000867,相加平均と相乗平均の大小関係,,
990000868,相関,,
990000869,相関が強い、弱い,,
990000870,相関関係がない,,
990000871,相関係数,,
990000872,相関図,,
990000873,相関表,,
990000874,相似,,
990000875,相似の位置,,
990000876,相似の中心,,
990000877,相似条件,,
990000878,相似変換,,
990000879,相似法,,
990000880,相乗平均,,
990000881,相対度数,,
990000882,相対度数分布表,,
990000883,相等,,
990000884,相反方程式,,
990000885,走る,,
990000886,像,,
990000887,増加する,,
990000888,増加量,,
990000889,増減表,,
990000890,側面,,
990000891,側面図,,
990000892,側面積,,
990000893,測定,,
990000894,測定値,,
990000895,測量,,
990000896,足りない,,
990000897,速さ,,
990000898,速度,,
990000899,速度の大きさ,,
990000900,速度ベクトル,,
990000901,属する,,
990000902,損,,
990000903,損失,,
990000904,多角形,,
990000905,多項式,,
990000906,多項定理,,
990000907,多面体,,
990000908,楕円,,
990000909,体積,,
990000910,対応する,,
990000911,対応する角,,
990000912,対応する頂点,,
990000913,対応する点,,
990000914,対応する辺,,
990000915,対角,,
990000916,対角線,,
990000917,対偶,,
990000918,対称,,
990000919,対称の軸,,
990000920,対称の中心,,
990000921,対称移動,,
990000922,対称式,,
990000923,対称軸,,
990000924,対数,,
990000925,対数グラフ,,
990000926,対数関数,,
990000927,対数微分法,,
990000928,対数不等式,,
990000929,対数方程式,,
990000930,対数目盛,,
990000931,対頂角,,
990000932,対辺,,
990000933,対立仮説,,
990000934,帯グラフ,,
990000935,帯分数,,
990000936,袋,,
990000937,代金,,
990000938,代数学の基本定理,,
990000939,代入する,,
990000940,代入法,,
990000941,代表値,,
990000942,台形,,
990000943,大きさ,,
990000944,大数の法則,,
990000945,第1階差数列,,
990000946,第1四分位数,,
990000947,第1種の過誤,,
990000948,第1象限,,
990000949,第1余弦定理,,
990000950,第2階差数列,,
990000951,第2四分位数,,
990000952,第2次導関数,,
990000953,第2種の過誤,,
990000954,第2象限,,
990000955,第2余弦定理,,
990000956,第3四分位数,,
990000957,第3次導関数,,
990000958,第3象限,,
990000959,第4象限,,
990000960,第n項,,
990000961,第n次導関数,,
990000962,単位,,
990000963,単位ベクトル,,
990000964,単位円,,
990000965,単位量あたりの大きさ,,
990000966,単項式,,
990000967,単振動,,
990000968,単調に減少,,
990000969,単調に増加,,
990000970,単調に増加、減少,,
990000971,短い,,
990000972,短軸,,
990000973,値,,
990000974,値域,,
990000975,値下げ,,
990000976,値上げ,,
990000977,値段,,
990000978,地図,,
990000979,置きかえる,,
990000980,置換積分法,,
990000981,中央値,,
990000982,中間値の定理,,
990000983,中心,,
990000984,中心角,,
990000985,中心極限定理,,
990000986,中心線,,
990000987,中線,,
990000988,中線定理,,
990000989,中線連結定理,,
990000990,中点,,
990000991,中点の位置ベクトル,,
990000992,中点連結定理,,
990000993,抽出,,
990000994,調和数列,,
990000995,調和平均,,
990000996,長い,,
990000997,長さ,,
990000998,長さの等しい辺,,
990000999,長軸,,
990001000,長方形,,
990001001,頂角,,
990001002,頂点,,
990001003,直角,,
990001004,直角三角形,,
990001005,直角双曲線,,
990001006,直角二等辺三角形,,
990001007,直径,,
990001008,直交,,
990001009,直交する,,
990001010,直交座標,,
990001011,直交座標軸,,
990001012,直接証明法,,
990001013,直線,,
990001014,直線x=p,,
990001015,直線のベクトル方程式,,
990001016,直線の式,,
990001017,直線の方程式,,
990001018,直線群,,
990001019,直線上の点,,
990001020,直方体,,
990001021,追いつく,,
990001022,通過する,,
990001023,通分,,
990001024,通分する,,
990001025,定価,,
990001026,定規,,
990001027,定義,,
990001028,定義域,,
990001029,定数,,
990001030,定数関数,,
990001031,定数項,,
990001032,定積分,,
990001033,定点,,
990001034,定理,,
990001035,底,,
990001036,底の変換公式,,
990001037,底角,,
990001038,底辺,,
990001039,底面,,
990001040,底面積,,
990001041,適切な,,
990001042,適当な,,
990001043,適当な方法で,,
990001044,展開,,
990001045,展開する,,
990001046,展開図,,
990001047,添え字,,
990001048,転がす,,
990001049,点Aを通る,,
990001050,点でも,,
990001051,点と直線の距離,,
990001052,点と平面の距離の公式,,
990001053,点をとる,,
990001054,点を通る,,
990001055,点線,,
990001056,点対称,,
990001057,点対称な図形,,
990001058,点α,,
990001059,電卓,,
990001060,度,,
990001061,度数,,
990001062,度数分布多角形,,
990001063,度数分布表,,
990001064,度数法,,
990001065,土地,,
990001066,投影図,,
990001067,東,,
990001068,当たりやすい,,
990001069,等しい,,
990001070,等号,,
990001071,等差数列,,
990001072,等差数列の和,,
990001073,等差中項,,
990001074,等式,,
990001075,等速円運動,,
990001076,等比数列,,
990001077,等比数列の和,,
990001078,等比中項,,
990001079,等分,,
990001080,統計的確率,,
990001081,到着,,
990001082,動かした跡,,
990001083,動径,,
990001084,動点,,
990001085,同じになる,,
990001086,同じ向きに相似,,
990001087,同じ式,,
990001088,同じ数,,
990001089,同位角,,
990001090,同一法,,
990001091,同士,,
990001092,同時確率,,
990001093,同時分布,,
990001094,同次形,,
990001095,同側内角,,
990001096,同値,,
990001097,同様にして,,
990001098,同様に確からしい,,
990001099,同類項,,
990001100,導関数,,
990001101,道,,
990001102,道のり,,
990001103,道路,,
990001104,得点,,
990001105,特殊解,,
990001106,特性方程式,,
990001107,特別解,,
990001108,独立,,
990001109,独立試行,,
990001110,凸関数,,
990001111,凸多面体,,
990001112,鈍角,,
990001113,鈍角三角形,,
990001114,内のり,,
990001115,内角,,
990001116,内角の二等分線の定理,,
990001117,内角の和,,
990001118,内項,,
990001119,内心,,
990001120,内積,,
990001121,内接する,,
990001122,内接円,,
990001123,内接四角形,,
990001124,内分,,
990001125,内分点,,
990001126,内分点の位置ベクトル,,
990001127,内分点の座標,,
990001128,南,,
990001129,二項係数,,
990001130,二項定理,,
990001131,二項分布,,
990001132,二次関数,,
990001133,二十面十二面体,,
990001134,二進法,,
990001135,二等分,,
990001136,二等分線,,
990001137,二等辺三角形,,
990001138,任意定数,,
990001139,年齢,,
990001140,波線,,
990001141,排反,,
990001142,排反事象,,
990001143,背理法,,
990001144,倍,,
990001145,倍数,,
990001146,媒介変数,,
990001147,媒介変数表示,,
990001148,買う,,
990001149,売る,,
990001150,箱,,
990001151,箱ひげ図,,
990001152,発散,,
990001153,鳩の巣原理,,
990001154,判別式,,
990001155,半角の公式,,
990001156,半額,,
990001157,半径,,
990001158,半直線,,
990001159,反形,,
990001160,反対,,
990001161,反対向き,,
990001162,反転,,
990001163,反転の中心,,
990001164,反転円,,
990001165,反比例,,
990001166,反復試行,,
990001167,反例,,
990001168,繁分数式,,
990001169,範囲,,
990001170,範囲外,,
990001171,範囲内,,
990001172,番号,,
990001173,否定,,
990001174,比,,
990001175,比の値,,
990001176,比は等しい,,
990001177,比を簡単にする,,
990001178,比例,,
990001179,比例式,,
990001180,比例定数,,
990001181,被積分関数,,
990001182,非復元抽出,,
990001183,樋,,
990001184,微分する,,
990001185,微分可能,,
990001186,微分係数,,
990001187,微分方程式,,
990001188,必ず,,
990001189,必要十分条件,,
990001190,必要条件,,
990001191,筆算,,
990001192,百の位,,
990001193,百五減算,,
990001194,百分率,,
990001195,標高,,
990001196,標準化,,
990001197,標準正規分布,,
990001198,標準偏差,,
990001199,標本,,
990001200,標本の大きさ,,
990001201,標本調査,,
990001202,標本比率,,
990001203,標本標準偏差,,
990001204,標本平均,,
990001205,表,,
990001206,表面,,
990001207,表面積,,
990001208,秒,,
990001209,秒速,,
990001210,品質管理,,
990001211,不足する,,
990001212,不足数,,
990001213,不定形の極限,,
990001214,不定式の極限,,
990001215,不定積分,,
990001216,不等号,,
990001217,不等号の向き,,
990001218,不等式,,
990001219,不連続,,
990001220,符号,,
990001221,負の角,,
990001222,負の向き,,
990001223,負の項,,
990001224,負の数,,
990001225,負の相関関係,,
990001226,負の符号,,
990001227,負の無限大に発散,,
990001228,負領域,,
990001229,部屋割り論法,,
990001230,部分集合,,
990001231,部分数列,,
990001232,部分積分法,,
990001233,部分分数に分解,,
990001234,部分分数分解,,
990001235,部分和,,
990001236,風速,,
990001237,復元抽出,,
990001238,複2次式,,
990001239,複号同順,,
990001240,複接線,,
990001241,複素数,,
990001242,複素数平面,,
990001243,複素平面,,
990001244,複利計算,,
990001245,分,,
990001246,分ける,,
990001247,分解,,
990001248,分解形,,
990001249,分散,,
990001250,分子,,
990001251,分数,,
990001252,分数関数,,
990001253,分数形の漸化式,,
990001254,分数式,,
990001255,分数不等式,,
990001256,分数方程式,,
990001257,分速,,
990001258,分度器,,
990001259,分配法則,,
990001260,分布,,
990001261,分布曲線,,
990001262,分母,,
990001263,分母の実数化,,
990001264,文字,,
990001265,文字の式,,
990001266,文字の値,,
990001267,文字をふくむ項,,
990001268,平均,,
990001269,平均の速さ,,
990001270,平均値,,
990001271,平均値の定理,,
990001272,平均変化率,,
990001273,平行,,
990001274,平行に移動,,
990001275,平行移動,,
990001276,平行四辺形,,
990001277,平行条件,,
990001278,平行線,,
990001279,平行六面体,,
990001280,平方,,
990001281,平方因数,,
990001282,平方完成,,
990001283,平方根,,
990001284,平方式,,
990001285,平面,,
990001286,平面のベクトル方程式,,
990001287,平面の方程式,,
990001288,平面図,,
990001289,並びかえる,,
990001290,並べる,,
990001291,並べ方,,
990001292,閉じている,,
990001293,閉区間,,
990001294,偏角,,
990001295,偏差,,
990001296,偏差値,,
990001297,変域,,
990001298,変化,,
990001299,変化の割合,,
990001300,変化の様子,,
990001301,変換,,
990001302,変曲点,,
990001303,変形,,
990001304,変数,,
990001305,変数分離形,,
990001306,変量,,
990001307,変量の変換,,
990001308,片側検定,,
990001309,片対数グラフ,,
990001310,辺,,
990001311,歩く,,
990001312,補集合,,
990001313,補助円,,
990001314,補助線,,
990001315,母集団,,
990001316,母集団の大きさ,,
990001317,母集団分布,,
990001318,母線,,
990001319,母比率,,
990001320,母標準偏差,,
990001321,母平均,,
990001322,包絡線,,
990001323,放物線,,
990001324,放物線の方程式,,
990001325,方べき,,
990001326,方べきの定理,,
990001327,方べきの定理の逆,,
990001328,方眼紙,,
990001329,方向ベクトル,,
990001330,方向余弦,,
990001331,方程式,,
990001332,"方程式F(x, y)＝0の表す曲線",,
990001333,法,,
990001334,法線,,
990001335,法線ベクトル,,
990001336,傍心,,
990001337,傍接円,,
990001338,棒グラフ,,
990001339,北,,
990001340,本数,,
990001341,枚数,,
990001342,末項,,
990001343,未定係数,,
990001344,未満,,
990001345,無限遠点,,
990001346,無限級数,,
990001347,無限集合,,
990001348,無限小数,,
990001349,無限数列,,
990001350,無限等比級数,,
990001351,無限等比数列,,
990001352,無作為,,
990001353,無作為抽出,,
990001354,無作為標本,,
990001355,無理関数,,
990001356,無理式,,
990001357,無理数,,
990001358,無理不等式,,
990001359,無理方程式,,
990001360,命題,,
990001361,面,,
990001362,面積,,
990001363,面対称,,
990001364,儲け,,
990001365,目盛り,,
990001366,約,,
990001367,約数,,
990001368,約分,,
990001369,約分する,,
990001370,有意水準,,
990001371,有界である,,
990001372,有限集合,,
990001373,有限小数,,
990001374,有限数列,,
990001375,有効数字,,
990001376,有向線分,,
990001377,有利化,,
990001378,有理化,,
990001379,有理式,,
990001380,有理数,,
990001381,有理整関数,,
990001382,余り,,
990001383,余弦,,
990001384,余弦定理,,
990001385,余事象,,
990001386,容器,,
990001387,容積,,
990001388,要素,,
990001389,陽関数,,
990001390,落下,,
990001391,乱数さい,,
990001392,乱数表,,
990001393,利益,,
990001394,裏,,
990001395,裏返す,,
990001396,離散型確率変数,,
990001397,離心率,,
990001398,率,,
990001399,立体,,
990001400,立方,,
990001401,立方体,,
990001402,立面図,,
990001403,両側検定,,
990001404,両対数グラフ,,
990001405,両端,,
990001406,両辺,,
990001407,両方とも成り立たつ,,
990001408,料金,,
990001409,量,,
990001410,領域,,
990001411,厘,,
990001412,輪環の順,,
990001413,隣接2項間の漸化式,,
990001414,隣接3項間の漸化式,,
990001415,累乗,,
990001416,累乗根,,
990001417,累積相対度数,,
990001418,累積度数,,
990001419,累積度数分布表,,
990001420,例のように,,
990001421,零ベクトル,,
990001422,列車,,
990001423,連続,,
990001424,連続する整数,,
990001425,連続関数,,
990001426,連続型確率変数,,
990001427,連比,,
990001428,連分数,,
990001429,連立3元1次方程式,,
990001430,連立漸化式,,
990001431,連立不等式,,
990001432,連立方程式,,
990001433,六角形,,
990001434,六十進法,,
990001435,和,,
990001436,和→積の公式,,
990001437,和の法則,,
990001438,和事象,,
990001439,和集合,,
990001440,俯角,,
990001441,蝸牛形,,
990001442,π,,
990001443,ω,,